timestamp,pass,scenario,lvl,br_kbps,conf,reward,avg20,util,thr_mbps,loss_pct,rtt_ms,cpu_pct,mem_pct,thermal_c,battery,encoding_delay_ms
2026-05-30T10:26:30.179936,1,optimal_conditions,4,2400,0.2878,0.0159,0.0159,0.278,8.63,0.0,41.3,0.4,81.0,35,1.0,22.5
2026-05-30T10:26:31.751980,1,optimal_conditions,5,4800,0.1184,0.1678,0.0918,0.556,8.63,0.0,41.8,0.7,74.8,35,1.0,40.0
2026-05-30T10:26:33.360770,1,optimal_conditions,0,150,0.2562,-0.1063,0.0258,0.017,8.63,0.0,41.3,0.7,74.9,35,1.0,6.09
2026-05-30T10:26:34.924035,1,optimal_conditions,0,150,0.2158,-0.1087,-0.0078,0.017,8.63,0.0,41.6,0.7,80.9,35,1.0,6.09
2026-05-30T10:26:36.546003,1,optimal_conditions,0,150,0.2299,-0.1063,-0.0275,0.017,8.62,0.0,41.5,0.5,74.9,35,1.0,6.09
2026-05-30T10:26:38.140186,1,optimal_conditions,4,2400,0.3139,0.016,-0.0203,0.279,8.62,0.0,41.5,0.4,81.0,35,1.0,22.5
2026-05-30T10:26:39.749960,1,optimal_conditions,0,150,0.2574,-0.1088,-0.0329,0.017,8.62,0.0,41.3,0.6,81.0,35,1.0,6.09
2026-05-30T10:26:41.356668,1,optimal_conditions,0,150,0.2271,-0.1088,-0.0424,0.017,8.62,0.0,41.3,0.6,81.2,35,1.0,6.09
2026-05-30T10:26:42.919162,1,optimal_conditions,5,4800,0.1651,0.1479,-0.0213,0.556,8.63,0.0,41.7,0.4,81.2,35,1.0,40.0
2026-05-30T10:26:44.536788,1,optimal_conditions,3,1200,0.1056,-0.0504,-0.0242,0.139,8.63,0.0,41.4,0.5,80.8,35,1.0,13.75
2026-05-30T10:26:46.141840,1,optimal_conditions,4,2400,0.2779,0.0155,-0.0206,0.278,8.62,0.0,41.3,0.5,81.1,35,1.0,22.5
2026-05-30T10:26:47.783257,1,optimal_conditions,2,600,0.2102,-0.0895,-0.0263,0.074,8.13,0.0,41.3,0.5,81.0,35,1.0,9.38
2026-05-30T10:26:51.457902,1,optimal_conditions,4,2400,0.2865,0.038,-0.0214,0.325,7.38,0.0,41.4,0.5,81.0,35,1.0,22.5
2026-05-30T10:26:53.021479,1,optimal_conditions,4,2400,0.2826,0.0381,-0.0171,0.326,7.37,0.0,41.5,0.4,81.0,35,1.0,22.5
2026-05-30T10:26:54.586463,1,optimal_conditions,0,150,0.286,-0.1221,-0.0241,0.019,7.87,0.0,41.7,0.5,80.9,35,1.0,6.09
2026-05-30T10:26:56.309344,1,optimal_conditions,2,600,0.1945,-0.0837,-0.0278,0.07,8.63,0.0,41.5,0.4,80.9,35,1.0,9.38
2026-05-30T10:26:57.873561,1,optimal_conditions,1,300,0.0659,-0.1004,-0.0321,0.035,8.62,0.0,41.7,0.4,81.0,35,1.0,7.19
2026-05-30T10:26:59.487584,1,optimal_conditions,0,150,0.2664,-0.1063,-0.0362,0.017,8.63,0.0,41.2,0.5,75.1,35,1.0,6.09
2026-05-30T10:27:01.066362,1,optimal_conditions,4,2400,0.2741,0.0157,-0.0335,0.278,8.63,0.0,41.3,0.4,81.1,35,1.0,22.5
2026-05-30T10:27:02.631041,1,optimal_conditions,2,600,0.1877,-0.0837,-0.036,0.07,8.63,0.0,41.1,0.5,81.1,35,1.0,9.38
2026-05-30T10:27:04.299476,1,optimal_conditions,0,150,0.2755,-0.1065,-0.0421,0.017,8.62,0.0,41.7,0.5,75.1,35,1.0,6.09
2026-05-30T10:27:05.886213,1,optimal_conditions,0,150,0.2597,-0.1086,-0.0559,0.017,8.62,0.0,41.4,0.6,80.8,35,1.0,6.09
2026-05-30T10:27:07.561333,1,optimal_conditions,2,600,0.1759,-0.0836,-0.0548,0.07,8.63,0.0,41.3,0.5,80.9,35,1.0,9.38
2026-05-30T10:27:09.185880,1,optimal_conditions,2,600,0.1401,-0.0798,-0.0534,0.07,8.62,0.0,41.5,0.5,75.0,35,1.0,9.38
2026-05-30T10:27:10.791044,1,optimal_conditions,4,2400,0.2483,0.0157,-0.0473,0.278,8.62,0.0,41.4,0.5,81.1,35,1.0,22.5
2026-05-30T10:27:12.358487,1,optimal_conditions,4,2400,0.3528,0.0157,-0.0473,0.278,8.62,0.0,41.4,0.5,81.0,35,1.0,22.5
2026-05-30T10:27:13.922453,1,optimal_conditions,0,150,0.3212,-0.1086,-0.0473,0.017,8.63,0.0,41.3,0.4,81.1,35,1.0,6.09
2026-05-30T10:27:15.486544,1,optimal_conditions,0,150,0.2823,-0.1086,-0.0473,0.017,8.63,0.0,41.5,0.5,81.0,35,1.0,6.09
2026-05-30T10:27:17.047995,1,optimal_conditions,2,600,0.1349,-0.0837,-0.0588,0.07,8.63,0.0,41.6,0.4,81.0,35,1.0,9.38
2026-05-30T10:27:18.637244,1,optimal_conditions,3,1200,0.1212,-0.0508,-0.0589,0.139,8.63,0.0,41.5,0.5,81.2,35,1.0,13.75
2026-05-30T10:27:21.130111,1,optimal_conditions,2,600,0.136,-0.0832,-0.0638,0.07,8.63,0.0,41.3,0.0,80.9,35,1.0,9.38
2026-05-30T10:27:23.721579,1,optimal_conditions,0,150,0.2957,-0.1085,-0.0648,0.017,8.63,0.0,41.5,0.5,81.0,35,1.0,6.09
2026-05-30T10:27:25.337835,1,optimal_conditions,5,4800,0.1724,0.1781,-0.0578,0.57,8.42,0.0,41.7,0.4,74.9,35,1.0,40.0
2026-05-30T10:27:26.920682,1,optimal_conditions,0,150,0.3277,-0.1124,-0.0653,0.018,8.42,0.0,41.3,0.5,81.1,35,1.0,6.09
2026-05-30T10:27:28.518798,1,optimal_conditions,1,300,0.0858,-0.1007,-0.0642,0.036,8.42,0.0,41.3,0.4,74.9,35,1.0,7.19
2026-05-30T10:27:30.086843,1,optimal_conditions,3,1200,0.0888,-0.0506,-0.0626,0.139,8.63,0.0,41.4,0.7,80.7,35,1.0,13.75
2026-05-30T10:27:31.689139,1,optimal_conditions,5,4800,0.1478,0.1673,-0.0492,0.556,8.63,0.0,41.5,0.6,75.1,35,1.0,40.0
2026-05-30T10:27:33.256897,1,optimal_conditions,0,150,0.3283,-0.1063,-0.0492,0.017,8.63,0.0,41.5,0.7,75.0,35,1.0,6.09
2026-05-30T10:27:34.831042,1,optimal_conditions,0,150,0.3017,-0.1064,-0.0553,0.017,8.63,0.0,41.7,0.6,75.1,35,1.0,6.09
2026-05-30T10:27:36.417576,1,optimal_conditions,4,2400,0.2393,0.0266,-0.0498,0.278,8.63,0.0,41.4,0.5,75.0,35,1.0,22.5
2026-05-30T10:27:37.991020,1,optimal_conditions,5,4800,0.1112,0.1486,-0.037,0.557,8.62,0.0,41.7,0.4,81.0,35,1.0,40.0
2026-05-30T10:27:39.641427,1,optimal_conditions,4,2400,0.2804,0.0308,-0.03,0.288,8.33,0.0,41.2,0.4,75.0,35,1.0,22.5
2026-05-30T10:27:41.290931,1,optimal_conditions,2,600,0.1689,-0.0873,-0.0302,0.072,8.33,0.0,41.5,0.5,81.1,35,1.0,9.38
2026-05-30T10:27:42.919200,1,optimal_conditions,5,4800,0.1543,0.1654,-0.018,0.556,8.63,0.0,41.4,1.1,75.0,35,1.0,40.0
2026-05-30T10:27:44.535995,1,optimal_conditions,0,150,0.3591,-0.1106,-0.0243,0.018,8.53,0.0,41.8,0.7,80.9,35,1.0,6.09
2026-05-30T10:27:46.123464,1,optimal_conditions,0,150,0.3237,-0.1104,-0.0306,0.018,8.53,0.0,41.4,0.5,80.9,35,1.0,6.09
2026-05-30T10:27:47.719828,1,optimal_conditions,4,2400,0.2229,0.0157,-0.0244,0.278,8.62,0.0,41.4,0.4,81.1,35,1.0,22.5
2026-05-30T10:27:49.291585,1,optimal_conditions,4,2400,0.2543,0.015,-0.0182,0.278,8.62,0.0,44.9,0.4,81.0,35,1.0,22.5
2026-05-30T10:27:50.919213,1,optimal_conditions,4,2400,0.2533,0.0267,-0.0127,0.278,8.62,0.0,41.4,0.4,75.0,35,1.0,22.5
2026-05-30T10:27:54.280252,1,optimal_conditions,4,2400,0.276,0.0158,-0.0093,0.278,8.62,0.0,41.3,0.5,81.0,35,1.0,22.5
2026-05-30T10:27:55.841661,1,optimal_conditions,2,600,0.1327,-0.0795,-0.0091,0.07,8.63,0.0,41.2,0.5,74.7,35,1.0,9.38
2026-05-30T10:27:57.415532,1,optimal_conditions,4,2400,0.2334,0.0265,-0.0024,0.278,8.63,0.0,41.2,0.5,75.0,35,1.0,22.5
2026-05-30T10:27:59.012579,1,optimal_conditions,0,150,0.384,-0.1062,-0.0166,0.017,8.63,0.0,41.2,0.5,75.0,35,1.0,6.09
2026-05-30T10:28:00.581578,1,optimal_conditions,4,2400,0.2979,0.0156,-0.0102,0.278,8.62,0.0,41.6,0.4,81.2,35,1.0,22.5
2026-05-30T10:28:02.208523,1,optimal_conditions,5,4800,0.1094,0.1493,0.0023,0.559,8.59,0.0,41.3,0.5,81.2,35,1.0,40.0
2026-05-30T10:28:03.775202,1,optimal_conditions,0,150,0.2952,-0.1093,-0.0006,0.017,8.6,0.0,41.5,0.4,81.3,35,1.0,6.09
2026-05-30T10:28:05.339031,1,optimal_conditions,1,300,0.0847,-0.1003,-0.014,0.035,8.62,0.0,41.5,0.5,80.8,35,1.0,7.19
2026-05-30T10:28:06.917403,1,optimal_conditions,2,600,0.1149,-0.0839,-0.0129,0.07,8.63,0.0,41.7,0.5,81.1,35,1.0,9.38
2026-05-30T10:28:08.628403,1,optimal_conditions,2,600,0.1502,-0.088,-0.012,0.073,8.26,0.0,41.2,0.4,81.2,35,1.0,9.38
2026-05-30T10:28:10.209777,1,optimal_conditions,0,150,0.3574,-0.1128,-0.0189,0.018,8.26,0.0,41.3,0.4,75.1,35,1.0,6.09
2026-05-30T10:28:11.881144,1,optimal_conditions,1,300,0.0713,-0.1005,-0.0314,0.035,8.63,0.0,41.4,0.5,81.3,35,1.0,7.19
2026-05-30T10:28:13.516532,1,optimal_conditions,2,600,0.1149,-0.0839,-0.0371,0.07,8.63,0.0,41.6,0.5,81.2,35,1.0,9.38
2026-05-30T10:28:15.111325,1,optimal_conditions,4,2400,0.2908,0.0156,-0.032,0.278,8.63,0.0,41.3,0.5,81.1,35,1.0,22.5
2026-05-30T10:28:16.682718,1,optimal_conditions,2,600,0.1578,-0.0837,-0.0444,0.07,8.63,0.0,41.3,0.6,80.8,35,1.0,9.38
2026-05-30T10:28:18.316562,1,optimal_conditions,3,1200,0.075,-0.0507,-0.0415,0.139,8.63,0.0,41.5,0.6,80.9,35,1.0,13.75
2026-05-30T10:28:19.895172,1,optimal_conditions,0,150,0.2149,-0.1086,-0.0414,0.017,8.63,0.0,41.4,0.4,81.1,35,1.0,6.09
2026-05-30T10:28:21.531224,1,optimal_conditions,3,1200,0.1151,-0.0507,-0.0447,0.139,8.63,0.0,41.5,0.5,81.1,35,1.0,13.75
2026-05-30T10:28:26.453068,1,high_network_activity,3,1200,0.166,-0.1058,-0.0507,0.206,5.82,0.0,242.3,0.6,80.7,45,0.85,13.75
2026-05-30T10:28:29.651884,1,high_network_activity,5,4800,0.1399,-0.7161,-0.0879,1.594,3.01,0.0,242.5,0.6,81.0,45,0.85,40.0
2026-05-30T10:28:32.910092,1,high_network_activity,2,600,0.1709,0.0245,-0.0874,0.379,1.58,0.0,242.6,0.6,81.0,45,0.85,9.38
2026-05-30T10:28:36.730294,1,high_network_activity,3,1200,0.1035,0.2619,-0.0704,0.837,1.43,0.0,242.3,1.2,81.0,45,0.85,13.75
2026-05-30T10:28:39.965376,1,high_network_activity,4,2400,0.2354,-0.6611,-0.1047,1.675,1.43,0.0,242.4,1.4,81.2,45,0.85,22.5
2026-05-30T10:28:43.320945,1,high_network_activity,2,600,0.1711,0.0624,-0.0963,0.42,1.43,0.0,242.8,0.6,81.1,45,0.85,9.38
2026-05-30T10:28:46.790841,1,high_network_activity,2,600,0.1549,0.0512,-0.0945,0.408,1.47,0.0,242.6,0.7,80.8,45,0.85,9.38
2026-05-30T10:28:49.960481,1,high_network_activity,3,1200,0.0976,0.2906,-0.0875,0.817,1.47,0.0,242.2,0.6,74.9,45,0.85,13.75
2026-05-30T10:28:53.134505,1,high_network_activity,5,4800,0.1506,-0.9001,-0.127,2.971,1.62,0.0,242.3,0.6,81.2,45,0.85,40.0
2026-05-30T10:28:58.208846,1,high_network_activity,3,1200,0.1357,0.3463,-0.1047,0.743,1.62,0.0,242.7,0.7,81.0,45,0.85,13.75
2026-05-30T10:29:01.397505,1,high_network_activity,3,1200,0.1127,0.351,-0.0829,0.748,1.61,0.0,242.5,0.7,80.9,45,0.85,13.75
2026-05-30T10:29:05.144060,1,high_network_activity,0,150,0.2946,-0.2218,-0.0896,0.105,1.43,0.0,242.4,1.1,81.1,45,0.85,6.09
2026-05-30T10:29:08.894120,1,high_network_activity,3,1200,0.1019,0.1626,-0.0759,0.934,1.28,0.0,242.3,0.7,81.0,45,0.85,13.75
2026-05-30T10:29:12.748216,1,high_network_activity,5,4800,0.1621,-0.8906,-0.1154,4.299,1.12,0.0,242.3,0.9,74.9,45,0.85,40.0
2026-05-30T10:29:15.925566,1,high_network_activity,0,150,0.3064,-0.2129,-0.1218,0.116,1.29,0.0,242.3,1.1,80.8,45,0.85,6.09
2026-05-30T10:29:19.192570,1,high_network_activity,0,150,0.3069,-0.2194,-0.1336,0.108,1.39,0.0,242.5,0.8,81.0,45,0.85,6.09
2026-05-30T10:29:22.456910,1,high_network_activity,4,2400,0.1922,-0.5217,-0.1555,1.55,1.55,0.0,242.3,0.7,74.9,45,0.85,22.5
2026-05-30T10:29:24.653765,1,thermal_throttling_start,3,1200,0.1987,-0.0034,-0.1531,0.405,2.96,0.0,81.5,23.1,80.8,88,0.7,40.56
2026-05-30T10:29:26.578868,1,thermal_throttling_start,4,2400,0.1885,0.0221,-0.1466,0.529,4.54,0.0,81.9,22.7,74.8,88,0.7,66.38
2026-05-30T10:29:30.418046,1,thermal_throttling_start,2,600,0.1551,-0.1785,-0.1529,0.108,5.56,0.0,81.4,23.1,81.1,88,0.7,27.66
2026-05-30T10:29:32.399648,1,thermal_throttling_start,2,600,0.1457,-0.1785,-0.1566,0.108,5.56,0.0,81.9,23.0,81.0,88,0.7,27.66
2026-05-30T10:29:34.254752,1,thermal_throttling_start,4,2400,0.206,-0.0659,-0.1241,0.431,5.57,0.0,81.4,22.6,81.0,88,0.7,66.38
2026-05-30T10:29:36.097148,1,thermal_throttling_start,4,2400,0.2146,-0.0665,-0.1286,0.431,5.56,0.0,81.5,22.8,81.2,88,0.7,66.38
2026-05-30T10:29:38.089910,1,thermal_throttling_start,0,150,0.2015,0.1428,-0.1346,0.006,24.05,0.0,81.9,22.7,80.8,88,0.7,17.98
2026-05-30T10:29:39.914931,1,thermal_throttling_start,0,150,0.1347,0.1427,-0.0944,0.006,24.05,0.0,81.6,22.9,81.1,88,0.7,17.98
2026-05-30T10:29:41.888619,1,thermal_throttling_start,3,1200,0.1587,-0.144,-0.1047,0.21,5.72,0.0,81.3,22.9,81.2,88,0.7,40.56
2026-05-30T10:29:43.803461,1,thermal_throttling_start,0,150,0.2074,-0.2017,-0.1173,0.026,5.72,0.0,81.6,23.2,75.2,88,0.7,17.98
2026-05-30T10:29:45.758938,1,thermal_throttling_start,5,4800,0.2574,-0.124,-0.1381,0.862,5.57,0.0,81.8,23.2,74.9,88,0.7,118.0
2026-05-30T10:29:47.617923,1,thermal_throttling_start,0,150,0.2477,-0.2037,-0.1032,0.027,5.57,0.0,81.5,22.8,74.9,88,0.7,17.98
2026-05-30T10:29:49.559026,1,thermal_throttling_start,2,600,0.1188,-0.1786,-0.1295,0.108,5.57,0.0,81.7,23.1,81.2,88,0.7,27.66
2026-05-30T10:29:51.404750,1,thermal_throttling_start,0,150,0.1973,-0.2038,-0.1572,0.027,5.57,0.0,81.7,22.8,75.0,88,0.7,17.98
2026-05-30T10:29:53.607263,1,thermal_throttling_start,0,150,0.1694,-0.2122,-0.1568,0.029,5.17,0.0,81.6,22.8,81.2,88,0.7,17.98
2026-05-30T10:29:55.607038,1,thermal_throttling_start,2,600,0.1199,-0.178,-0.1738,0.116,5.16,0.0,81.7,23.0,80.9,88,0.7,27.66
2026-05-30T10:29:57.615329,1,thermal_throttling_start,0,150,0.1703,-0.2066,-0.1396,0.027,5.54,0.0,81.8,22.7,81.1,88,0.7,17.98
2026-05-30T10:30:01.310993,1,thermal_throttling_start,0,150,0.1583,-0.2057,-0.1392,0.027,5.56,0.0,81.6,21.7,81.0,88,0.7,17.98
2026-05-30T10:30:03.153570,1,thermal_throttling_start,5,4800,0.2499,-0.1439,-0.1354,0.863,5.56,0.0,83.4,22.8,81.2,88,0.7,118.0
2026-05-30T10:30:05.072920,1,thermal_throttling_start,2,600,0.1445,-0.1791,-0.1183,0.108,5.56,0.0,83.2,23.2,81.1,88,0.7,27.66
2026-05-30T10:30:07.130103,1,thermal_throttling_start,3,1200,0.2169,-0.1407,-0.1252,0.216,5.55,0.0,81.3,22.8,81.3,88,0.7,40.56
2026-05-30T10:30:09.156248,1,thermal_throttling_start,5,4800,0.2378,-0.1469,-0.1336,0.865,5.55,0.0,81.4,22.9,81.3,88,0.7,118.0
2026-05-30T10:30:11.158220,1,thermal_throttling_start,2,600,0.1414,-0.2103,-0.1352,0.112,5.34,0.0,81.6,58.3,81.3,88,0.7,27.66
2026-05-30T10:30:13.355121,1,thermal_throttling_start,0,150,0.1528,-0.2096,-0.1368,0.028,5.35,0.0,81.6,23.0,81.3,88,0.7,17.98
2026-05-30T10:30:15.644147,1,thermal_throttling_start,3,1200,0.178,-0.133,-0.1401,0.232,5.18,0.0,81.4,23.1,81.0,88,0.7,40.56
2026-05-30T10:30:17.555524,1,thermal_throttling_start,2,600,0.128,-0.178,-0.1457,0.116,5.18,0.0,81.5,22.8,81.1,88,0.7,27.66
2026-05-30T10:30:19.457618,1,thermal_throttling_start,3,1200,0.1574,-0.1347,-0.1596,0.216,5.56,0.0,81.3,22.9,75.0,88,0.7,40.56
2026-05-30T10:30:21.282764,1,thermal_throttling_start,5,4800,0.2372,-0.1238,-0.1729,0.863,5.56,0.0,81.6,22.8,75.1,88,0.7,118.0
2026-05-30T10:30:23.109169,1,thermal_throttling_start,5,4800,0.1798,-0.1229,-0.1719,0.863,5.56,0.0,81.7,22.8,75.0,88,0.7,118.0
2026-05-30T10:30:27.156462,1,low_battery_powersave,3,1200,0.1637,-0.0777,-0.1657,0.244,4.92,0.0,101.6,5.9,80.9,40,0.15,15.47
2026-05-30T10:30:30.596109,1,low_battery_powersave,0,150,0.1608,-0.2094,-0.1699,0.035,4.28,0.0,101.7,6.7,81.1,40,0.15,6.86
2026-05-30T10:30:35.985395,1,low_battery_powersave,4,2400,0.2964,0.1643,-0.1515,0.606,3.96,0.0,101.6,5.1,80.8,40,0.15,25.31
2026-05-30T10:30:40.124570,1,low_battery_powersave,0,150,0.1809,-0.236,-0.1544,0.038,3.97,0.0,199.8,4.0,81.1,40,0.15,6.86
2026-05-30T10:30:43.124957,1,low_battery_powersave,0,150,0.1193,-0.2379,-0.1561,0.04,3.71,0.0,198.4,3.2,81.1,40,0.15,6.86
2026-05-30T10:30:45.588150,1,low_battery_powersave,3,1200,0.209,-0.0192,-0.1465,0.324,3.7,0.0,101.8,4.1,80.9,40,0.15,15.47
2026-05-30T10:30:47.692475,1,low_battery_powersave,2,600,0.1371,-0.1354,-0.1443,0.152,3.95,0.0,101.8,3.6,80.9,40,0.15,10.55
2026-05-30T10:30:51.512510,1,low_battery_powersave,3,1200,0.1885,-0.038,-0.1359,0.304,3.95,0.0,101.8,6.3,81.1,40,0.15,15.47
2026-05-30T10:30:53.677510,1,low_battery_powersave,0,150,0.1989,-0.2087,-0.136,0.038,3.96,0.0,101.6,3.2,74.9,40,0.15,6.86
2026-05-30T10:30:57.534475,1,low_battery_powersave,3,1200,0.2099,-0.0347,-0.1306,0.303,3.96,0.0,101.8,3.8,80.9,40,0.15,15.47
2026-05-30T10:31:01.731953,1,low_battery_powersave,0,150,0.1361,-0.2113,-0.1322,0.038,3.96,0.0,101.9,3.4,81.0,40,0.15,6.86
2026-05-30T10:31:08.838736,1,low_battery_powersave,3,1200,0.1912,-0.0359,-0.127,0.302,3.98,0.0,101.7,4.0,80.8,40,0.15,15.47
2026-05-30T10:31:12.651587,1,low_battery_powersave,3,1200,0.1927,-0.035,-0.1214,0.302,3.98,0.0,102.2,3.1,81.1,40,0.15,15.47
2026-05-30T10:31:17.048730,1,low_battery_powersave,3,1200,0.1941,-0.0355,-0.1126,0.302,3.97,0.0,101.7,4.0,81.0,40,0.15,15.47
2026-05-30T10:31:20.494624,1,low_battery_powersave,4,2400,0.2645,0.1513,-0.0946,0.63,3.81,0.0,250.5,3.4,81.2,40,0.15,25.31
2026-05-30T10:31:29.748739,1,low_battery_powersave,2,600,0.1573,-0.23,-0.0994,0.253,2.37,0.0,506.7,37.8,81.0,95,0.1,46.88
2026-05-30T10:31:41.408132,1,critical_system_stress,5,4800,0.1587,-1.4333,-0.1622,4.272,1.12,0.0,806.4,38.2,81.0,95,0.1,200.0
2026-05-30T10:31:53.543986,1,critical_system_stress,0,150,0.182,-0.2007,-0.1655,0.341,0.44,0.0,827.2,44.6,80.8,95,0.1,30.47
2026-05-30T10:32:03.607297,1,critical_system_stress,4,2400,0.1493,-1.0579,-0.2122,5.315,0.45,0.0,606.5,39.9,80.9,95,0.1,112.5
2026-05-30T10:32:17.749950,1,critical_system_stress,0,150,0.153,-0.1406,-0.2131,0.317,0.47,0.0,507.0,38.2,80.8,95,0.1,30.47
2026-05-30T10:32:25.181598,1,critical_system_stress,2,600,0.1138,-0.0812,-0.2133,0.162,3.7,0.0,41.5,0.5,68.5,35,1.0,9.38
2026-05-30T10:32:26.821562,2,optimal_conditions,0,150,0.3801,-0.1306,-0.2093,0.022,6.96,0.0,41.2,0.5,62.7,35,1.0,6.09
2026-05-30T10:32:28.472475,2,optimal_conditions,3,1200,0.1603,-0.0378,-0.2194,0.139,8.62,0.0,41.2,0.5,68.8,35,1.0,13.75
2026-05-30T10:32:30.084474,2,optimal_conditions,0,150,0.2019,-0.104,-0.2128,0.017,8.62,0.0,41.5,0.7,68.8,35,1.0,6.09
2026-05-30T10:32:31.723933,2,optimal_conditions,0,150,0.3456,-0.1039,-0.2061,0.017,8.62,0.0,41.6,0.6,68.6,35,1.0,6.09
2026-05-30T10:32:33.330561,2,optimal_conditions,4,2400,0.2115,0.0408,-0.2031,0.285,8.41,0.0,41.3,0.5,68.7,35,1.0,22.5
2026-05-30T10:32:34.917775,2,optimal_conditions,0,150,0.2051,-0.1076,-0.2017,0.018,8.42,0.0,41.6,0.5,68.7,35,1.0,6.09
2026-05-30T10:32:36.526871,2,optimal_conditions,0,150,0.3461,-0.1075,-0.2052,0.018,8.42,0.0,41.6,0.4,68.8,35,1.0,6.09
2026-05-30T10:32:39.523754,2,optimal_conditions,2,600,0.0884,-0.0604,-0.1978,0.07,8.62,0.0,41.4,0.5,46.3,35,1.0,9.38
2026-05-30T10:32:41.103357,2,optimal_conditions,5,4800,0.1874,0.2645,-0.1828,0.558,8.6,0.0,41.8,0.4,46.2,35,1.0,40.0
2026-05-30T10:32:57.367755,2,optimal_conditions,3,1200,0.0845,-0.0434,-0.0434,0.139,8.63,0.0,41.3,0.4,74.3,35,1.0,13.75
2026-05-30T10:32:58.971086,2,optimal_conditions,4,2400,0.2208,0.0276,-0.0079,0.278,8.63,0.0,41.7,0.4,74.4,35,1.0,22.5
2026-05-30T10:33:00.693281,2,optimal_conditions,4,2400,0.2396,0.0264,0.0036,0.278,8.63,0.0,41.6,0.9,74.5,35,1.0,22.5
2026-05-30T10:33:02.282205,2,optimal_conditions,5,4800,0.1377,0.1491,0.04,0.556,8.63,0.0,41.7,0.5,80.7,35,1.0,40.0
2026-05-30T10:33:03.899409,2,optimal_conditions,4,2400,0.2769,0.0157,0.0351,0.278,8.63,0.0,41.9,0.8,80.6,35,1.0,22.5
2026-05-30T10:33:05.509524,2,optimal_conditions,0,150,0.3846,-0.1086,0.0112,0.017,8.63,0.0,42.0,0.6,80.3,35,1.0,6.09
2026-05-30T10:33:07.110058,2,optimal_conditions,1,300,0.0869,-0.0973,-0.0043,0.035,8.62,0.0,41.4,0.6,74.4,35,1.0,7.19
2026-05-30T10:33:09.409361,2,optimal_conditions,4,2400,0.2108,0.0287,-0.0002,0.278,8.62,0.0,41.3,0.1,74.5,35,1.0,22.5
2026-05-30T10:33:11.000284,2,optimal_conditions,4,2400,0.2253,0.0273,0.0028,0.278,8.62,0.0,41.3,0.5,74.6,35,1.0,22.5
2026-05-30T10:33:12.600006,2,optimal_conditions,4,2400,0.2305,0.0162,0.0042,0.278,8.63,0.0,41.7,0.5,80.7,35,1.0,22.5
2026-05-30T10:33:14.199196,2,optimal_conditions,0,150,0.4049,-0.1061,-0.0058,0.017,8.63,0.0,41.4,0.4,74.5,35,1.0,6.09
2026-05-30T10:33:15.903686,2,optimal_conditions,0,150,0.3631,-0.1084,-0.0144,0.017,8.63,0.0,41.2,0.5,80.6,35,1.0,6.09
2026-05-30T10:33:17.534594,2,optimal_conditions,3,1200,0.0806,-0.0515,-0.0172,0.139,8.63,0.0,71.4,0.7,74.5,35,1.0,13.75
2026-05-30T10:33:19.109163,2,optimal_conditions,0,150,0.3687,-0.1085,-0.0238,0.017,8.62,0.0,41.2,0.5,80.5,35,1.0,6.09
2026-05-30T10:33:20.701315,2,optimal_conditions,0,150,0.3632,-0.1085,-0.0294,0.017,8.62,0.0,41.2,0.5,80.6,35,1.0,6.09
2026-05-30T10:33:22.267818,2,optimal_conditions,4,2400,0.1994,0.0165,-0.0265,0.278,8.62,0.0,41.3,0.5,80.6,35,1.0,22.5
2026-05-30T10:33:23.842171,2,optimal_conditions,0,150,0.3961,-0.1086,-0.0314,0.017,8.62,0.0,41.5,0.5,80.6,35,1.0,6.09
2026-05-30T10:33:25.415857,2,optimal_conditions,3,1200,0.0823,-0.0499,-0.0324,0.139,8.62,0.0,41.3,0.4,80.4,35,1.0,13.75
2026-05-30T10:33:27.021650,2,optimal_conditions,0,150,0.4021,-0.1064,-0.0363,0.017,8.62,0.0,41.4,1.1,74.3,35,1.0,6.09
2026-05-30T10:33:28.587101,2,optimal_conditions,0,150,0.3161,-0.1085,-0.0399,0.017,8.62,0.0,41.4,0.5,80.5,35,1.0,6.09
2026-05-30T10:33:30.199625,2,optimal_conditions,2,600,0.1153,-0.0835,-0.0419,0.07,8.62,0.0,41.6,0.5,80.5,35,1.0,9.38
2026-05-30T10:33:31.773737,2,optimal_conditions,4,2400,0.2072,0.0164,-0.0425,0.278,8.62,0.0,41.3,0.5,80.6,35,1.0,22.5
2026-05-30T10:33:33.338755,2,optimal_conditions,0,150,0.3921,-0.1085,-0.0492,0.017,8.63,0.0,41.3,0.7,80.5,35,1.0,6.09
2026-05-30T10:33:34.954505,2,optimal_conditions,4,2400,0.1868,0.0166,-0.0558,0.278,8.62,0.0,41.2,0.5,80.6,35,1.0,22.5
2026-05-30T10:33:36.519442,2,optimal_conditions,4,2400,0.2085,0.0276,-0.0553,0.278,8.62,0.0,41.9,0.5,74.4,35,1.0,22.5
2026-05-30T10:33:38.122438,2,optimal_conditions,0,150,0.4189,-0.1088,-0.0553,0.017,8.62,0.0,41.9,0.6,80.6,35,1.0,6.09
2026-05-30T10:33:40.572718,2,optimal_conditions,0,150,0.3745,-0.1087,-0.0558,0.017,8.62,0.0,41.9,0.4,80.5,35,1.0,6.09
2026-05-30T10:33:42.185268,2,optimal_conditions,4,2400,0.1831,0.0275,-0.0559,0.278,8.62,0.0,41.7,0.4,74.5,35,1.0,22.5
2026-05-30T10:33:43.781806,2,optimal_conditions,0,150,0.4258,-0.1062,-0.0626,0.017,8.62,0.0,41.3,0.4,74.5,35,1.0,6.09
2026-05-30T10:33:45.403354,2,optimal_conditions,5,4800,0.1795,0.1789,-0.0544,0.569,8.44,0.0,41.4,0.5,74.3,35,1.0,40.0
2026-05-30T10:33:47.009587,2,optimal_conditions,4,2400,0.2487,0.0295,-0.0476,0.284,8.44,0.0,42.0,0.5,74.6,35,1.0,22.5
2026-05-30T10:33:48.617876,2,optimal_conditions,4,2400,0.207,0.0165,-0.0414,0.279,8.61,0.0,41.8,0.5,80.6,35,1.0,22.5
2026-05-30T10:33:50.189807,2,optimal_conditions,0,150,0.3669,-0.1087,-0.0443,0.017,8.62,0.0,41.6,0.4,80.8,35,1.0,6.09
2026-05-30T10:33:51.776338,2,optimal_conditions,0,150,0.2514,-0.1086,-0.0443,0.017,8.62,0.0,41.3,0.5,80.7,35,1.0,6.09
2026-05-30T10:33:53.341680,2,optimal_conditions,5,4800,0.1656,0.1511,-0.0313,0.559,8.59,0.0,41.3,0.5,80.7,35,1.0,40.0
2026-05-30T10:33:54.910196,2,optimal_conditions,5,4800,0.098,0.171,-0.0236,0.559,8.58,0.0,41.5,0.5,74.7,35,1.0,40.0
2026-05-30T10:33:56.471576,2,optimal_conditions,5,4800,0.1122,0.1506,-0.0106,0.557,8.62,0.0,41.2,0.4,80.5,35,1.0,40.0
2026-05-30T10:33:58.080255,2,optimal_conditions,3,1200,0.0832,-0.0439,-0.0103,0.139,8.63,0.0,41.3,0.5,74.6,35,1.0,13.75
2026-05-30T10:33:59.779893,2,optimal_conditions,1,300,0.0719,-0.1004,-0.01,0.035,8.61,0.0,41.5,0.4,80.6,35,1.0,7.19
2026-05-30T10:34:01.354830,2,optimal_conditions,4,2400,0.2522,0.0165,-0.0037,0.279,8.61,0.0,41.4,0.5,80.7,35,1.0,22.5
2026-05-30T10:34:02.976374,2,optimal_conditions,2,600,0.1169,-0.0845,-0.0038,0.07,8.56,0.0,41.5,0.5,80.8,35,1.0,9.38
2026-05-30T10:34:04.578784,2,optimal_conditions,0,150,0.3592,-0.107,-0.01,0.017,8.58,0.0,41.4,0.4,74.7,35,1.0,6.09
2026-05-30T10:34:06.232589,2,optimal_conditions,4,2400,0.2505,0.0163,-0.0037,0.278,8.63,0.0,41.6,0.5,80.7,35,1.0,22.5
2026-05-30T10:34:07.820610,2,optimal_conditions,4,2400,0.2373,0.0271,-0.0032,0.278,8.63,0.0,41.6,0.5,74.6,35,1.0,22.5
2026-05-30T10:34:09.444779,2,optimal_conditions,2,600,0.1039,-0.0798,-0.0086,0.07,8.63,0.0,41.9,0.7,74.7,35,1.0,9.38
2026-05-30T10:34:11.571905,2,optimal_conditions,2,600,0.0975,-0.0839,-0.0073,0.07,8.63,0.0,41.7,0.8,80.5,35,1.0,9.38
2026-05-30T10:34:13.170646,2,optimal_conditions,2,600,0.1036,-0.0838,-0.0061,0.07,8.62,0.0,41.7,0.6,80.6,35,1.0,9.38
2026-05-30T10:34:14.782588,2,optimal_conditions,0,150,0.3589,-0.1063,-0.0128,0.017,8.62,0.0,41.5,0.5,74.6,35,1.0,6.09
2026-05-30T10:34:16.371148,2,optimal_conditions,2,600,0.1066,-0.0839,-0.0117,0.07,8.61,0.0,41.6,0.6,80.7,35,1.0,9.38
2026-05-30T10:34:18.005103,2,optimal_conditions,5,4800,0.1653,0.1498,-0.0131,0.557,8.62,0.0,41.3,0.5,80.6,35,1.0,40.0
2026-05-30T10:34:19.581433,2,optimal_conditions,4,2400,0.304,0.0161,-0.0138,0.278,8.62,0.0,42.0,0.5,80.8,35,1.0,22.5
2026-05-30T10:34:21.204302,2,optimal_conditions,0,150,0.3966,-0.1062,-0.0199,0.017,8.62,0.0,41.3,0.5,74.7,35,1.0,6.09
2026-05-30T10:34:22.804520,2,optimal_conditions,2,600,0.0885,-0.0836,-0.0187,0.07,8.62,0.0,41.4,0.5,80.8,35,1.0,9.38
2026-05-30T10:34:24.400425,2,optimal_conditions,3,1200,0.0871,-0.0504,-0.0158,0.139,8.63,0.0,41.3,0.5,80.9,35,1.0,13.75
2026-05-30T10:34:27.677520,2,high_network_activity,3,1200,0.1691,-0.107,-0.0287,0.206,5.82,0.0,244.3,1.1,80.6,45,0.85,13.75
2026-05-30T10:34:30.922680,2,high_network_activity,1,300,0.077,-0.2026,-0.0473,0.1,3.01,0.0,242.4,0.7,74.8,45,0.85,7.19
2026-05-30T10:34:34.714297,2,high_network_activity,1,300,0.0874,-0.1339,-0.0616,0.203,1.48,0.0,245.0,1.3,80.4,45,0.85,7.19
2026-05-30T10:34:37.993494,2,high_network_activity,4,2400,0.2109,-0.599,-0.0893,1.614,1.49,0.0,242.8,1.6,80.5,45,0.85,22.5
2026-05-30T10:34:42.232940,2,high_network_activity,1,300,0.0638,-0.1144,-0.09,0.225,1.34,0.0,244.6,0.6,80.5,45,0.85,7.19
2026-05-30T10:34:45.587849,2,high_network_activity,4,2400,0.2084,-0.7257,-0.1271,1.741,1.38,0.0,244.0,0.8,80.3,45,0.85,22.5
2026-05-30T10:34:48.926146,2,high_network_activity,4,2400,0.1894,-0.5937,-0.1526,1.622,1.48,0.0,242.7,0.7,74.4,45,0.85,22.5
2026-05-30T10:34:52.142552,2,high_network_activity,0,150,0.3807,-0.224,-0.1584,0.098,1.53,0.0,242.5,1.0,74.5,45,0.85,6.09
2026-05-30T10:34:55.490320,2,high_network_activity,5,4800,0.1913,-0.898,-0.2042,2.97,1.62,0.0,242.7,0.7,80.4,45,0.85,40.0
2026-05-30T10:34:58.672601,2,high_network_activity,0,150,0.3598,-0.2274,-0.2169,0.093,1.61,0.0,243.0,0.8,74.5,45,0.85,6.09
2026-05-30T10:35:01.934852,2,high_network_activity,5,4800,0.187,-0.9,-0.2579,2.974,1.61,0.0,242.5,0.9,80.8,45,0.85,40.0
2026-05-30T10:35:05.134099,2,high_network_activity,4,2400,0.2567,-0.4553,-0.2765,1.486,1.61,0.0,242.3,0.7,74.3,45,0.85,22.5
2026-05-30T10:35:08.348384,2,high_network_activity,0,150,0.3385,-0.2278,-0.2837,0.093,1.61,0.0,244.8,0.7,74.6,45,0.85,6.09
2026-05-30T10:35:12.011693,2,high_network_activity,4,2400,0.1771,-0.4691,-0.3018,1.489,1.61,0.0,242.4,0.8,80.6,45,0.85,22.5
2026-05-30T10:35:15.246957,2,high_network_activity,4,2400,0.2122,-0.4707,-0.3211,1.501,1.6,0.0,243.3,0.9,74.3,45,0.85,22.5
2026-05-30T10:35:19.026228,2,high_network_activity,0,150,0.3303,-0.2226,-0.3398,0.104,1.45,0.0,244.1,1.0,80.4,45,0.85,6.09
2026-05-30T10:35:22.327755,2,high_network_activity,5,4800,0.1897,-0.9033,-0.3857,3.319,1.45,0.0,242.7,0.9,80.7,45,0.85,40.0
2026-05-30T10:35:25.777993,2,high_network_activity,4,2400,0.2552,-0.8733,-0.4241,1.785,1.34,0.0,242.8,23.6,80.4,88,0.7,22.5
2026-05-30T10:35:27.758354,2,thermal_throttling_start,5,4800,0.202,-0.8903,-0.4644,1.563,3.07,0.0,81.5,22.8,80.4,88,0.7,118.0
2026-05-30T10:35:30.657369,2,thermal_throttling_start,2,600,0.1183,-0.1755,-0.4707,0.129,4.66,0.0,82.4,23.0,80.7,88,0.7,27.66
2026-05-30T10:35:32.560001,2,thermal_throttling_start,4,2400,0.1895,-0.056,-0.4681,0.432,5.55,0.0,82.1,23.6,74.6,88,0.7,66.38
2026-05-30T10:35:34.734927,2,thermal_throttling_start,0,150,0.1387,-0.2066,-0.4683,0.027,5.53,0.0,81.6,22.8,80.7,88,0.7,17.98
2026-05-30T10:35:36.655062,2,thermal_throttling_start,3,1200,0.2294,-0.1398,-0.4686,0.217,5.54,0.0,81.5,22.7,80.6,88,0.7,40.56
2026-05-30T10:35:38.770855,2,thermal_throttling_start,0,150,0.139,-0.2066,-0.449,0.027,5.53,0.0,81.7,22.9,80.6,88,0.7,17.98
2026-05-30T10:35:40.657203,2,thermal_throttling_start,4,2400,0.1938,-0.0669,-0.4466,0.432,5.55,0.0,82.4,23.6,80.6,88,0.7,66.38
2026-05-30T10:35:42.958757,2,thermal_throttling_start,4,2400,0.2186,-0.0562,-0.4131,0.432,5.56,0.0,81.9,23.6,74.5,88,0.7,66.38
2026-05-30T10:35:45.130038,2,thermal_throttling_start,3,1200,0.1824,-0.1407,-0.3905,0.216,5.56,0.0,81.6,23.2,80.4,88,0.7,40.56
2026-05-30T10:35:47.455468,2,thermal_throttling_start,3,1200,0.2369,-0.1405,-0.3863,0.216,5.56,0.0,81.7,22.9,80.5,88,0.7,40.56
2026-05-30T10:35:49.289226,2,thermal_throttling_start,4,2400,0.1912,-0.0674,-0.3448,0.432,5.55,0.0,81.7,23.7,80.6,88,0.7,66.38
2026-05-30T10:35:51.154632,2,thermal_throttling_start,0,150,0.1375,-0.2065,-0.3437,0.027,5.55,0.0,81.5,23.4,80.6,88,0.7,17.98
2026-05-30T10:35:53.030488,2,thermal_throttling_start,5,4800,0.2571,-0.1233,-0.3049,0.863,5.56,0.0,81.5,23.1,74.6,88,0.7,118.0
2026-05-30T10:35:55.207351,2,thermal_throttling_start,0,150,0.1375,-0.21,-0.2926,0.028,5.31,0.0,81.5,23.5,80.4,88,0.7,17.98
2026-05-30T10:35:57.133752,2,thermal_throttling_start,3,1200,0.1754,-0.1363,-0.2881,0.226,5.31,0.0,82.0,23.6,80.4,88,0.7,40.56
2026-05-30T10:35:59.106839,2,thermal_throttling_start,4,2400,0.2116,-0.0423,-0.2667,0.465,5.16,0.0,81.4,23.9,80.6,88,0.7,66.38
2026-05-30T10:36:03.207562,2,thermal_throttling_start,0,150,0.1328,-0.2124,-0.2538,0.029,5.15,0.0,81.6,23.3,80.7,88,0.7,17.98
2026-05-30T10:36:05.153179,2,thermal_throttling_start,2,600,0.1005,-0.1781,-0.2516,0.108,5.55,0.0,81.5,23.1,80.4,88,0.7,27.66
2026-05-30T10:36:07.026221,2,thermal_throttling_start,3,1200,0.2521,-0.1411,-0.2135,0.216,5.55,0.0,81.7,23.5,80.5,88,0.7,40.56
2026-05-30T10:36:08.848355,2,thermal_throttling_start,5,4800,0.2376,-0.1267,-0.1762,0.864,5.55,0.0,81.3,23.5,74.7,88,0.7,118.0
2026-05-30T10:36:10.733232,2,thermal_throttling_start,3,1200,0.2045,-0.1365,-0.1385,0.216,5.56,0.0,81.7,24.4,74.7,88,0.7,40.56
2026-05-30T10:36:13.342576,2,thermal_throttling_start,4,2400,0.1985,-0.0672,-0.133,0.432,5.56,0.0,82.2,23.4,80.9,88,0.7,66.38
2026-05-30T10:36:15.255069,2,thermal_throttling_start,1,300,0.0776,-0.1946,-0.14,0.054,5.55,0.0,81.6,24.0,74.3,88,0.7,21.2
2026-05-30T10:36:17.613934,2,thermal_throttling_start,2,600,0.1044,-0.1786,-0.1386,0.108,5.55,0.0,81.5,23.7,80.5,88,0.7,27.66
2026-05-30T10:36:19.538032,2,thermal_throttling_start,1,300,0.1234,-0.1968,-0.1414,0.054,5.56,0.0,81.4,23.0,80.6,88,0.7,21.2
2026-05-30T10:36:21.455728,2,thermal_throttling_start,5,4800,0.2644,-0.1463,-0.1384,0.862,5.57,0.0,81.8,24.0,80.7,88,0.7,118.0
2026-05-30T10:36:23.308981,2,thermal_throttling_start,4,2400,0.2388,-0.0664,-0.1384,0.431,5.56,0.0,81.6,23.0,80.8,88,0.7,66.38
2026-05-30T10:36:25.289905,2,thermal_throttling_start,4,2400,0.2093,-0.055,-0.1383,0.448,5.35,0.0,81.8,23.9,80.3,88,0.7,66.38
2026-05-30T10:36:31.582008,2,low_battery_powersave,3,1200,0.2104,-0.0761,-0.1351,0.242,4.96,0.0,101.6,4.1,80.8,40,0.15,15.47
2026-05-30T10:36:37.641282,2,low_battery_powersave,0,150,0.1389,-0.2076,-0.1385,0.035,4.31,0.0,102.8,3.8,80.6,40,0.15,6.86
2026-05-30T10:36:40.546620,2,low_battery_powersave,5,4800,0.1707,-0.3645,-0.1533,1.213,3.96,0.0,101.8,6.3,80.6,40,0.15,45.0
2026-05-30T10:36:46.821838,2,low_battery_powersave,4,2400,0.3788,0.1544,-0.1353,0.607,3.95,0.0,151.8,4.2,80.8,40,0.15,25.31
2026-05-30T10:36:50.524245,2,low_battery_powersave,4,2400,0.2554,0.1661,-0.1208,0.607,3.96,0.0,101.8,4.4,81.0,40,0.15,25.31
2026-05-30T10:37:02.219283,2,low_battery_powersave,4,2400,0.336,0.1574,-0.1024,0.649,3.7,0.0,298.2,3.1,80.9,40,0.15,25.31
2026-05-30T10:37:11.764271,2,low_battery_powersave,5,4800,0.1461,-1.0752,-0.1494,1.647,2.91,0.0,296.1,53.4,80.6,40,0.15,45.0
2026-05-30T10:37:18.207613,2,low_battery_powersave,1,300,0.0882,-0.1833,-0.1564,0.095,3.17,0.0,101.8,4.3,80.6,40,0.15,8.09
2026-05-30T10:37:25.883192,2,low_battery_powersave,2,600,0.1085,-0.3449,-0.163,0.168,3.58,0.0,700.2,43.9,80.4,95,0.1,10.55
2026-05-30T10:37:43.132420,2,critical_system_stress,3,1200,0.3035,-0.1017,-0.1592,0.465,2.58,0.0,506.9,39.5,80.6,95,0.1,68.75
2026-05-30T10:38:04.123256,2,critical_system_stress,4,2400,0.2464,-1.0012,-0.2022,2.062,1.16,0.0,510.4,41.5,68.5,95,0.1,112.5
2026-05-30T10:38:24.880121,2,critical_system_stress,3,1200,0.3127,-0.8468,-0.2382,2.767,0.43,0.0,506.8,39.5,68.6,95,0.1,68.75
2026-05-30T10:38:27.711490,3,optimal_conditions,1,300,0.0715,-0.1465,-0.2387,0.081,3.68,0.0,41.5,0.5,68.5,35,1.0,7.19
2026-05-30T10:38:29.336867,3,optimal_conditions,0,150,0.2847,-0.13,-0.2419,0.021,7.0,0.0,41.4,0.6,62.7,35,1.0,6.09
2026-05-30T10:38:30.919380,3,optimal_conditions,0,150,0.2266,-0.1039,-0.2373,0.017,8.63,0.0,41.5,0.6,68.8,35,1.0,6.09
2026-05-30T10:38:32.544874,3,optimal_conditions,0,150,0.2764,-0.1016,-0.2335,0.017,8.63,0.0,41.7,0.6,62.8,35,1.0,6.09
2026-05-30T10:38:34.132587,3,optimal_conditions,3,1200,0.1346,-0.0384,-0.2256,0.139,8.63,0.0,41.8,0.9,68.8,35,1.0,13.75
2026-05-30T10:38:35.783984,3,optimal_conditions,0,150,0.2884,-0.1014,-0.2233,0.017,8.63,0.0,41.6,0.6,62.6,35,1.0,6.09
2026-05-30T10:38:37.448455,3,optimal_conditions,5,4800,0.2294,0.1868,-0.2107,0.556,8.63,0.0,41.4,1.0,68.6,35,1.0,40.0
2026-05-30T10:38:39.094863,3,optimal_conditions,4,2400,0.296,0.0485,-0.2055,0.278,8.62,0.0,41.9,0.7,62.5,35,1.0,22.5
2026-05-30T10:38:40.742394,3,optimal_conditions,2,600,0.0961,-0.0716,-0.2053,0.07,8.62,0.0,41.7,0.5,62.7,35,1.0,9.38
2026-05-30T10:38:42.393183,3,optimal_conditions,5,4800,0.225,0.1876,-0.1855,0.557,8.62,0.0,41.5,0.9,68.6,35,1.0,40.0
2026-05-30T10:38:43.953384,3,optimal_conditions,1,300,0.048,-0.0914,-0.1719,0.035,8.63,0.0,41.6,0.6,62.5,35,1.0,7.19
2026-05-30T10:38:46.048670,3,optimal_conditions,5,4800,0.2259,0.1884,-0.1702,0.556,8.63,0.0,41.4,0.8,68.4,35,1.0,40.0
2026-05-30T10:38:47.613775,3,optimal_conditions,0,150,0.2754,-0.1014,-0.1835,0.017,8.63,0.0,41.5,0.6,62.5,35,1.0,6.09
2026-05-30T10:38:49.184684,3,optimal_conditions,1,300,0.106,-0.0946,-0.1961,0.035,8.63,0.0,41.7,0.8,68.7,35,1.0,7.19
2026-05-30T10:38:50.750238,3,optimal_conditions,5,4800,0.2287,0.1885,-0.1329,0.557,8.62,0.0,41.4,0.7,68.6,35,1.0,40.0
2026-05-30T10:38:52.315901,3,optimal_conditions,4,2400,0.2973,0.0788,-0.1198,0.278,8.63,0.0,41.3,0.6,45.9,35,1.0,22.5
2026-05-30T10:38:54.157674,3,optimal_conditions,0,150,0.3056,-0.1178,-0.1085,0.02,7.33,0.0,41.2,0.7,45.9,35,1.0,6.09
2026-05-30T10:39:10.435588,3,optimal_conditions,3,1200,0.1399,-0.0503,-0.0503,0.139,8.63,0.0,41.3,0.5,80.7,35,1.0,13.75
2026-05-30T10:39:12.020158,3,optimal_conditions,5,4800,0.1906,0.1692,0.0594,0.556,8.63,0.0,41.7,0.4,74.7,35,1.0,40.0
2026-05-30T10:39:13.629709,3,optimal_conditions,2,600,0.1153,-0.0835,0.0118,0.07,8.63,0.0,41.6,0.5,80.5,35,1.0,9.38
2026-05-30T10:39:15.215459,3,optimal_conditions,1,300,0.1005,-0.0971,-0.0154,0.035,8.63,0.0,41.5,0.5,74.5,35,1.0,7.19
2026-05-30T10:39:17.218649,3,optimal_conditions,5,4800,0.201,0.1487,0.0174,0.556,8.63,0.0,41.3,0.5,80.8,35,1.0,40.0
2026-05-30T10:39:18.952959,3,optimal_conditions,3,1200,0.1146,-0.0436,0.0072,0.139,8.63,0.0,41.6,0.4,74.4,35,1.0,13.75
2026-05-30T10:39:20.524001,3,optimal_conditions,2,600,0.099,-0.0838,-0.0058,0.07,8.62,0.0,41.9,0.5,80.7,35,1.0,9.38
2026-05-30T10:39:22.247628,3,optimal_conditions,0,150,0.3008,-0.1198,-0.02,0.019,7.86,0.0,41.5,0.5,74.7,35,1.0,6.09
2026-05-30T10:39:23.809728,3,optimal_conditions,2,600,0.089,-0.0922,-0.028,0.076,7.86,0.0,41.6,0.5,80.7,35,1.0,9.38
2026-05-30T10:39:25.426859,3,optimal_conditions,2,600,0.087,-0.0794,-0.0332,0.07,8.63,0.0,41.8,0.5,74.3,35,1.0,9.38
2026-05-30T10:39:27.026025,3,optimal_conditions,3,1200,0.1061,-0.0445,-0.0342,0.139,8.63,0.0,41.7,0.7,74.8,35,1.0,13.75
2026-05-30T10:39:28.637513,3,optimal_conditions,2,600,0.1042,-0.0841,-0.0383,0.07,8.63,0.0,42.5,0.6,80.8,35,1.0,9.38
2026-05-30T10:39:30.239200,3,optimal_conditions,0,150,0.3089,-0.1092,-0.0438,0.017,8.62,0.0,42.5,1.0,80.9,35,1.0,6.09
2026-05-30T10:39:31.907510,3,optimal_conditions,0,150,0.179,-0.1089,-0.0484,0.017,8.62,0.0,41.3,0.9,80.9,35,1.0,6.09
2026-05-30T10:39:33.524772,3,optimal_conditions,0,150,0.259,-0.109,-0.0525,0.017,8.63,0.0,41.3,1.2,80.9,35,1.0,6.09
2026-05-30T10:39:35.143165,3,optimal_conditions,5,4800,0.1869,0.1464,-0.0401,0.556,8.63,0.0,41.5,1.0,80.9,35,1.0,40.0
2026-05-30T10:39:36.726646,3,optimal_conditions,3,1200,0.1183,-0.0438,-0.0403,0.139,8.63,0.0,41.3,0.5,74.5,35,1.0,13.75
2026-05-30T10:39:38.299159,3,optimal_conditions,4,2400,0.2498,0.0158,-0.0372,0.278,8.63,0.0,41.5,0.5,80.8,35,1.0,22.5
2026-05-30T10:39:39.937318,3,optimal_conditions,5,4800,0.1547,0.1489,-0.0274,0.557,8.62,0.0,41.6,0.6,80.7,35,1.0,40.0
2026-05-30T10:39:41.559887,3,optimal_conditions,4,2400,0.3007,0.0163,-0.0252,0.278,8.62,0.0,41.6,0.5,80.6,35,1.0,22.5
2026-05-30T10:39:43.181547,3,optimal_conditions,0,150,0.3031,-0.1086,-0.0281,0.017,8.62,0.0,41.7,0.4,80.7,35,1.0,6.09
2026-05-30T10:39:44.744728,3,optimal_conditions,3,1200,0.1762,-0.0515,-0.0391,0.139,8.63,0.0,41.5,1.5,80.6,35,1.0,13.75
2026-05-30T10:39:46.694892,3,optimal_conditions,3,1200,0.1121,-0.0502,-0.0375,0.139,8.63,0.0,41.4,0.6,80.5,35,1.0,13.75
2026-05-30T10:39:48.258400,3,optimal_conditions,0,150,0.3044,-0.1062,-0.0379,0.017,8.63,0.0,41.6,0.5,74.7,35,1.0,6.09
2026-05-30T10:39:49.834922,3,optimal_conditions,2,600,0.0955,-0.0838,-0.0495,0.07,8.61,0.0,41.5,0.6,80.7,35,1.0,9.38
2026-05-30T10:39:51.395889,3,optimal_conditions,3,1200,0.124,-0.0506,-0.0499,0.139,8.62,0.0,41.5,0.7,80.7,35,1.0,13.75
2026-05-30T10:39:52.956290,3,optimal_conditions,0,150,0.251,-0.1085,-0.0511,0.017,8.63,0.0,41.4,0.5,80.8,35,1.0,6.09
2026-05-30T10:39:54.549698,3,optimal_conditions,4,2400,0.2043,0.0157,-0.0444,0.278,8.63,0.0,42.1,0.5,80.8,35,1.0,22.5
2026-05-30T10:39:56.153123,3,optimal_conditions,3,1200,0.1967,-0.0504,-0.0423,0.139,8.63,0.0,41.5,0.7,80.6,35,1.0,13.75
2026-05-30T10:39:57.762580,3,optimal_conditions,5,4800,0.1761,0.1695,-0.0298,0.556,8.63,0.0,41.4,0.5,74.6,35,1.0,40.0
2026-05-30T10:39:59.436418,3,optimal_conditions,4,2400,0.3433,0.0155,-0.0268,0.278,8.63,0.0,41.7,0.7,80.8,35,1.0,22.5
2026-05-30T10:40:01.057965,3,optimal_conditions,4,2400,0.2378,0.0269,-0.0213,0.278,8.63,0.0,41.4,0.5,74.7,35,1.0,22.5
2026-05-30T10:40:02.648542,3,optimal_conditions,4,2400,0.2722,0.0159,-0.015,0.278,8.63,0.0,41.4,0.7,80.7,35,1.0,22.5
2026-05-30T10:40:04.272551,3,optimal_conditions,5,4800,0.1677,0.1477,-0.0022,0.556,8.63,0.0,41.3,0.9,80.7,35,1.0,40.0
2026-05-30T10:40:05.855481,3,optimal_conditions,1,300,0.0549,-0.0973,-0.0016,0.035,8.63,0.0,41.5,0.6,74.6,35,1.0,7.19
2026-05-30T10:40:07.463787,3,optimal_conditions,3,1200,0.2067,-0.0504,-0.0115,0.139,8.63,0.0,41.3,0.6,80.8,35,1.0,13.75
2026-05-30T10:40:09.059712,3,optimal_conditions,2,600,0.0942,-0.0795,-0.0132,0.07,8.63,0.0,41.5,0.5,74.6,35,1.0,9.38
2026-05-30T10:40:10.654891,3,optimal_conditions,0,150,0.3155,-0.1061,-0.0193,0.017,8.63,0.0,41.4,0.5,74.5,35,1.0,6.09
2026-05-30T10:40:13.395283,3,optimal_conditions,3,1200,0.1944,-0.0522,-0.0294,0.151,7.94,0.0,41.5,0.6,80.8,35,1.0,13.75
2026-05-30T10:40:14.959436,3,optimal_conditions,0,150,0.3245,-0.1183,-0.0361,0.019,7.94,0.0,41.4,0.5,74.4,35,1.0,6.09
2026-05-30T10:40:17.031636,3,optimal_conditions,3,1200,0.1835,-0.0511,-0.0332,0.143,8.38,0.0,41.4,0.7,80.4,35,1.0,13.75
2026-05-30T10:40:18.635047,3,optimal_conditions,1,300,0.095,-0.1041,-0.0359,0.036,8.38,0.0,41.4,0.5,80.7,35,1.0,7.19
2026-05-30T10:40:20.202982,3,optimal_conditions,0,150,0.3087,-0.1129,-0.039,0.018,8.38,0.0,41.3,0.5,80.8,35,1.0,6.09
2026-05-30T10:40:21.772858,3,optimal_conditions,5,4800,0.1787,0.1439,-0.0265,0.556,8.63,0.0,41.4,1.8,80.6,35,1.0,40.0
2026-05-30T10:40:23.335413,3,optimal_conditions,5,4800,0.1214,0.1694,-0.0138,0.557,8.62,0.0,41.6,0.5,74.6,35,1.0,40.0
2026-05-30T10:40:24.913548,3,optimal_conditions,2,600,0.1111,-0.0839,-0.0155,0.07,8.61,0.0,41.5,0.7,80.7,35,1.0,9.38
2026-05-30T10:40:26.521893,3,optimal_conditions,2,600,0.0941,-0.0942,-0.0148,0.07,8.62,0.0,41.3,1.0,80.4,45,0.85,9.38
2026-05-30T10:40:29.738972,3,high_network_activity,0,150,0.2857,-0.2126,-0.0262,0.026,5.82,0.0,242.6,0.7,80.6,45,0.85,6.09
2026-05-30T10:40:32.966433,3,high_network_activity,5,4800,0.1897,-0.7281,-0.0601,1.605,2.99,0.0,242.5,1.2,80.7,45,0.85,40.0
2026-05-30T10:40:36.136243,3,high_network_activity,2,600,0.1321,0.0273,-0.0672,0.378,1.59,0.0,242.5,0.8,74.4,45,0.85,9.38
2026-05-30T10:40:39.425457,3,high_network_activity,2,600,0.1086,0.0374,-0.0661,0.393,1.53,0.0,242.4,0.8,80.5,45,0.85,9.38
2026-05-30T10:40:42.948371,3,high_network_activity,0,150,0.1955,-0.2231,-0.0786,0.105,1.43,0.0,249.3,1.0,80.7,45,0.85,6.09
2026-05-30T10:40:46.687437,3,high_network_activity,5,4800,0.1944,-0.9064,-0.1247,3.816,1.26,0.0,242.6,0.9,80.5,45,0.85,40.0
2026-05-30T10:40:50.221999,3,high_network_activity,4,2400,0.2405,-0.6978,-0.167,1.723,1.39,0.0,242.6,0.8,74.7,45,0.85,22.5
2026-05-30T10:40:53.451552,3,high_network_activity,0,150,0.3205,-0.2255,-0.1734,0.096,1.57,0.0,242.5,1.0,74.7,45,0.85,6.09
2026-05-30T10:40:56.764216,3,high_network_activity,3,1200,0.1793,0.3465,-0.1536,0.743,1.62,0.0,242.5,0.9,80.4,45,0.85,13.75
2026-05-30T10:40:59.963816,3,high_network_activity,5,4800,0.197,-0.8997,-0.1946,2.971,1.62,0.0,242.5,0.9,80.7,45,0.85,40.0
2026-05-30T10:41:03.155569,3,high_network_activity,0,150,0.1737,-0.2292,-0.2007,0.094,1.6,0.0,242.5,0.8,80.6,45,0.85,6.09
2026-05-30T10:41:06.442067,3,high_network_activity,5,4800,0.2117,-0.8788,-0.2421,3.08,1.56,0.0,242.7,0.7,74.3,45,0.85,40.0
2026-05-30T10:41:10.264612,3,high_network_activity,5,4800,0.1525,-0.9059,-0.2814,3.489,1.38,0.0,243.1,1.3,80.6,45,0.85,40.0
2026-05-30T10:41:13.462484,3,high_network_activity,5,4800,0.153,-0.9033,-0.324,3.489,1.38,0.0,242.7,0.7,80.6,45,0.85,40.0
2026-05-30T10:41:17.642303,3,high_network_activity,3,1200,0.13,0.122,-0.3127,0.973,1.23,0.0,242.6,1.4,80.4,45,0.85,13.75
2026-05-30T10:41:20.831683,3,high_network_activity,0,150,0.294,-0.2162,-0.3179,0.109,1.38,0.0,242.4,0.8,74.6,45,0.85,6.09
2026-05-30T10:41:24.026435,3,high_network_activity,0,150,0.1697,-0.2269,-0.3364,0.098,1.53,0.0,244.1,1.0,80.7,45,0.85,6.09
2026-05-30T10:41:27.944471,3,high_network_activity,3,1200,0.1517,0.1739,-0.3362,0.846,1.42,0.0,242.6,23.2,80.4,88,0.7,13.75
2026-05-30T10:41:29.834516,3,thermal_throttling_start,2,600,0.1077,-0.1387,-0.339,0.2,3.0,0.0,81.7,24.6,80.8,88,0.7,27.66
2026-05-30T10:41:31.679888,3,thermal_throttling_start,3,1200,0.1851,-0.115,-0.34,0.262,4.59,0.0,81.5,23.3,80.8,88,0.7,40.56
2026-05-30T10:41:33.577179,3,thermal_throttling_start,3,1200,0.248,-0.141,-0.3364,0.216,5.57,0.0,81.5,23.0,80.8,88,0.7,40.56
2026-05-30T10:41:36.081860,3,thermal_throttling_start,4,2400,0.1732,-0.068,-0.3034,0.431,5.57,0.0,81.5,23.7,80.6,88,0.7,66.38
2026-05-30T10:41:37.936062,3,thermal_throttling_start,0,150,0.1376,-0.1977,-0.3147,0.027,5.55,0.0,81.8,23.5,58.0,88,0.7,17.98
2026-05-30T10:41:39.810446,3,thermal_throttling_start,4,2400,0.1614,-0.0105,-0.3171,0.451,5.32,0.0,82.3,23.0,57.9,88,0.7,66.38
2026-05-30T10:41:59.997242,3,thermal_throttling_start,5,4800,0.2652,-0.0854,-0.0854,0.862,5.57,0.0,81.5,23.9,62.5,88,0.7,118.0
2026-05-30T10:42:01.844777,3,thermal_throttling_start,2,600,0.117,-0.1699,-0.1276,0.108,5.56,0.0,81.7,22.8,68.6,88,0.7,27.66
2026-05-30T10:42:03.670210,3,thermal_throttling_start,3,1200,0.1843,-0.1217,-0.1257,0.216,5.56,0.0,82.0,23.0,62.4,88,0.7,40.56
2026-05-30T10:42:05.582333,3,thermal_throttling_start,2,600,0.1067,-0.1698,-0.1367,0.108,5.56,0.0,81.8,22.9,68.3,88,0.7,27.66
2026-05-30T10:42:07.440313,3,thermal_throttling_start,3,1200,0.2395,-0.1282,-0.135,0.216,5.56,0.0,81.5,23.4,68.2,88,0.7,40.56
2026-05-30T10:42:09.345109,3,thermal_throttling_start,3,1200,0.1886,-0.128,-0.1338,0.216,5.56,0.0,81.4,22.9,68.6,88,0.7,40.56
2026-05-30T10:42:11.306955,3,thermal_throttling_start,1,300,0.1156,-0.1916,-0.1421,0.058,5.21,0.0,81.9,23.3,62.5,88,0.7,21.2
2026-05-30T10:42:13.145694,3,thermal_throttling_start,3,1200,0.2134,-0.1212,-0.1395,0.23,5.21,0.0,81.9,23.1,68.9,88,0.7,40.56
2026-05-30T10:42:15.046144,3,thermal_throttling_start,1,300,0.1181,-0.1915,-0.1452,0.054,5.52,0.0,82.1,22.9,68.7,88,0.7,21.2
2026-05-30T10:42:16.956914,3,thermal_throttling_start,4,2400,0.1618,-0.0361,-0.1343,0.431,5.56,0.0,81.8,24.0,62.6,88,0.7,66.38
2026-05-30T10:42:19.071826,3,thermal_throttling_start,2,600,0.1173,-0.1703,-0.1376,0.108,5.55,0.0,82.7,22.8,68.8,88,0.7,27.66
2026-05-30T10:42:20.903062,3,thermal_throttling_start,0,150,0.168,-0.1992,-0.1427,0.027,5.55,0.0,81.5,22.8,62.7,88,0.7,17.98
2026-05-30T10:42:22.855648,3,thermal_throttling_start,5,4800,0.2624,-0.0451,-0.1352,0.808,5.94,0.0,81.6,24.0,68.9,88,0.7,118.0
2026-05-30T10:42:24.680116,3,thermal_throttling_start,4,2400,0.2432,-0.0541,-0.1294,0.403,5.95,0.0,81.4,23.0,62.7,88,0.7,66.38
2026-05-30T10:42:26.513726,3,thermal_throttling_start,0,150,0.1863,-0.1991,-0.1341,0.027,5.57,0.0,81.7,23.0,62.7,88,0.7,17.98
2026-05-30T10:42:29.458571,3,low_battery_powersave,4,2400,0.2515,0.0891,-0.1201,0.487,4.93,0.0,102.2,3.9,68.5,40,0.15,25.31
2026-05-30T10:42:32.961809,3,low_battery_powersave,0,150,0.1621,-0.2029,-0.125,0.035,4.29,0.0,101.9,3.7,68.7,40,0.15,6.86
2026-05-30T10:42:36.302089,3,low_battery_powersave,3,1200,0.1774,-0.0131,-0.1188,0.315,3.81,0.0,102.3,3.7,68.6,40,0.15,15.47
2026-05-30T10:42:41.400760,3,low_battery_powersave,3,1200,0.2198,-0.0398,-0.1146,0.295,4.07,0.0,149.4,3.8,68.6,40,0.15,15.47
2026-05-30T10:42:45.455269,3,low_battery_powersave,4,2400,0.2368,0.183,-0.0997,0.628,3.82,0.0,199.9,4.0,68.7,40,0.15,25.31
2026-05-30T10:42:50.833111,3,low_battery_powersave,5,4800,0.1395,-0.4594,-0.1184,1.353,3.55,0.0,101.8,3.3,68.6,40,0.15,45.0
2026-05-30T10:42:54.320099,3,low_battery_powersave,4,2400,0.351,0.2293,-0.0985,0.652,3.68,0.0,102.1,3.7,68.7,40,0.15,25.31
2026-05-30T10:42:56.544109,3,low_battery_powersave,2,600,0.1679,-0.1185,-0.0983,0.162,3.7,0.0,101.7,4.5,62.5,40,0.15,10.55
2026-05-30T10:43:00.256072,3,low_battery_powersave,3,1200,0.2129,-0.0266,-0.0912,0.303,3.96,0.0,102.3,7.0,68.8,40,0.15,15.47
2026-05-30T10:43:02.558643,3,low_battery_powersave,4,2400,0.2158,0.1886,-0.0753,0.612,3.92,0.0,101.8,6.2,68.7,40,0.15,25.31
2026-05-30T10:43:07.122716,3,low_battery_powersave,5,4800,0.1402,-0.4178,-0.0898,1.309,3.67,0.0,102.4,4.1,68.8,40,0.15,45.0
2026-05-30T10:43:09.334424,3,low_battery_powersave,0,150,0.2191,-0.2081,-0.0906,0.041,3.7,0.0,101.8,6.2,62.7,40,0.15,6.86
2026-05-30T10:43:13.027068,3,low_battery_powersave,0,150,0.1123,-0.2072,-0.0949,0.038,3.96,0.0,101.9,4.6,68.9,40,0.15,6.86
2026-05-30T10:43:15.650732,3,low_battery_powersave,0,150,0.1358,-0.2102,-0.0959,0.04,3.75,0.0,102.4,6.6,68.5,40,0.15,6.86
2026-05-30T10:43:18.101501,3,low_battery_powersave,4,2400,0.1921,0.2247,-0.0828,0.639,3.75,0.0,102.0,1.2,68.6,40,0.15,25.31
2026-05-30T10:43:20.757906,3,low_battery_powersave,2,600,0.1744,-0.1254,-0.0806,0.152,3.96,0.0,101.9,5.9,62.8,40,0.15,10.55
2026-05-30T10:43:25.383226,3,low_battery_powersave,1,300,0.1384,-0.2567,-0.0835,0.071,4.22,0.0,400.0,7.4,68.8,40,0.15,8.09
2026-05-30T10:43:38.149186,3,low_battery_powersave,3,1200,0.3262,-0.1294,-0.0877,0.425,2.83,0.0,529.8,39.0,68.5,95,0.1,68.75
2026-05-30T10:43:48.607127,3,critical_system_stress,0,150,0.148,-0.667,-0.1183,0.107,1.4,0.0,1851.9,45.9,68.5,95,0.1,30.47
2026-05-30T10:44:02.629573,3,critical_system_stress,5,4800,0.1813,-1.4438,-0.1806,10.907,0.44,0.0,900.3,41.2,68.8,95,0.1,200.0
2026-05-30T10:44:10.323242,3,critical_system_stress,2,600,0.1587,-0.3761,-0.2038,1.363,0.44,0.0,507.1,42.1,62.5,95,0.1,46.88
2026-05-30T10:44:27.327400,3,critical_system_stress,4,2400,0.193,-1.3371,-0.2605,5.702,0.42,0.0,1400.4,81.8,69.5,95,0.1,112.5
2026-05-30T10:44:29.003382,4,optimal_conditions,5,4800,0.1874,-0.2736,-0.2735,1.306,3.67,0.0,41.6,0.5,68.8,35,1.0,40.0
2026-05-30T10:44:30.592977,4,optimal_conditions,0,150,0.2552,-0.1308,-0.2781,0.022,6.95,0.0,41.6,0.4,62.8,35,1.0,6.09
2026-05-30T10:44:32.205698,4,optimal_conditions,0,150,0.2614,-0.1042,-0.2925,0.017,8.61,0.0,41.5,0.4,68.8,35,1.0,6.09
2026-05-30T10:44:33.796147,4,optimal_conditions,5,4800,0.2086,0.1897,-0.26,0.558,8.61,0.0,41.6,0.4,68.8,35,1.0,40.0
2026-05-30T10:44:35.410664,4,optimal_conditions,4,2400,0.3253,0.0372,-0.2696,0.279,8.61,0.0,41.4,0.6,69.0,35,1.0,22.5
2026-05-30T10:44:36.994314,4,optimal_conditions,3,1200,0.1071,-0.032,-0.2653,0.139,8.62,0.0,41.9,0.7,62.9,35,1.0,13.75
2026-05-30T10:44:38.596439,4,optimal_conditions,0,150,0.2618,-0.1016,-0.269,0.017,8.62,0.0,41.7,0.5,62.7,35,1.0,6.09
2026-05-30T10:44:40.211342,4,optimal_conditions,5,4800,0.2081,0.2191,-0.2675,0.599,8.01,0.0,41.7,0.6,68.7,35,1.0,40.0
2026-05-30T10:44:41.789548,4,optimal_conditions,4,2400,0.3387,0.0464,-0.2443,0.299,8.01,0.0,42.1,0.5,68.9,35,1.0,22.5
2026-05-30T10:44:43.390174,4,optimal_conditions,5,4800,0.1761,0.239,-0.2219,0.599,8.01,0.0,41.6,0.5,62.7,35,1.0,40.0
2026-05-30T10:44:44.957837,4,optimal_conditions,0,150,0.2178,-0.1039,-0.2168,0.017,8.62,0.0,41.3,0.5,68.7,35,1.0,6.09
2026-05-30T10:44:46.523884,4,optimal_conditions,5,4800,0.2125,0.262,-0.1932,0.557,8.62,0.0,41.6,0.8,46.2,35,1.0,40.0
2026-05-30T10:44:48.089387,4,optimal_conditions,1,300,0.0492,-0.0835,-0.2086,0.035,8.62,0.0,41.6,0.5,46.0,35,1.0,7.19
2026-05-30T10:45:04.481304,4,optimal_conditions,4,2400,0.1892,0.0272,0.0272,0.278,8.62,0.0,41.4,0.5,74.6,35,1.0,22.5
2026-05-30T10:45:06.049030,4,optimal_conditions,1,300,0.0746,-0.1003,-0.0365,0.035,8.62,0.0,41.6,0.5,80.7,35,1.0,7.19
2026-05-30T10:45:07.830005,4,optimal_conditions,0,150,0.272,-0.1217,-0.0649,0.019,7.75,0.0,41.9,0.5,74.4,35,1.0,6.09
2026-05-30T10:45:09.394172,4,optimal_conditions,1,300,0.1216,-0.1137,-0.0771,0.039,7.75,0.0,41.4,0.5,80.6,35,1.0,7.19
2026-05-30T10:45:10.987667,4,optimal_conditions,5,4800,0.1919,0.1947,-0.0227,0.619,7.75,0.0,41.5,0.4,80.8,35,1.0,40.0
2026-05-30T10:45:12.555304,4,optimal_conditions,4,2400,0.3133,0.0159,-0.0163,0.278,8.62,0.0,41.7,0.6,80.8,35,1.0,22.5
2026-05-30T10:45:14.216818,4,optimal_conditions,1,300,0.0779,-0.1003,-0.0283,0.035,8.63,0.0,41.5,0.8,80.5,35,1.0,7.19
2026-05-30T10:45:15.875654,4,optimal_conditions,5,4800,0.1943,0.1689,-0.0036,0.556,8.63,0.0,41.8,0.9,74.2,35,1.0,40.0
2026-05-30T10:45:17.507087,4,optimal_conditions,3,1200,0.1114,-0.0504,-0.0088,0.139,8.63,0.0,41.7,0.6,80.6,35,1.0,13.75
2026-05-30T10:45:19.129367,4,optimal_conditions,5,4800,0.1832,0.1692,0.009,0.557,8.62,0.0,42.9,0.5,74.6,35,1.0,40.0
2026-05-30T10:45:20.759578,4,optimal_conditions,4,2400,0.2961,0.0164,0.0096,0.278,8.63,0.0,41.9,0.5,80.6,35,1.0,22.5
2026-05-30T10:45:22.339447,4,optimal_conditions,5,4800,0.1645,0.1694,0.023,0.556,8.63,0.0,41.5,0.5,74.6,35,1.0,40.0
2026-05-30T10:45:23.921965,4,optimal_conditions,0,150,0.2675,-0.1064,0.013,0.017,8.62,0.0,41.8,0.6,74.7,35,1.0,6.09
2026-05-30T10:45:25.526648,4,optimal_conditions,4,2400,0.1934,0.0161,0.0132,0.278,8.62,0.0,41.6,0.5,80.8,35,1.0,22.5
2026-05-30T10:45:27.135346,4,optimal_conditions,2,600,0.1355,-0.084,0.0067,0.07,8.62,0.0,41.6,1.0,80.6,35,1.0,9.38
2026-05-30T10:45:28.709132,4,optimal_conditions,2,600,0.1222,-0.0838,0.0011,0.07,8.62,0.0,41.7,0.6,80.7,35,1.0,9.38
2026-05-30T10:45:30.322692,4,optimal_conditions,2,600,0.1092,-0.0837,-0.0039,0.07,8.62,0.0,41.7,0.5,80.7,35,1.0,9.38
2026-05-30T10:45:31.890591,4,optimal_conditions,0,150,0.2608,-0.1088,-0.0097,0.017,8.62,0.0,41.7,0.5,80.9,35,1.0,6.09
2026-05-30T10:45:33.456477,4,optimal_conditions,0,150,0.2583,-0.1089,-0.0149,0.017,8.61,0.0,41.7,0.5,81.0,35,1.0,6.09
2026-05-30T10:45:35.030822,4,optimal_conditions,5,4800,0.1919,0.1684,-0.0058,0.557,8.62,0.0,41.6,0.6,74.9,35,1.0,40.0
2026-05-30T10:45:36.627930,4,optimal_conditions,3,1200,0.1066,-0.0504,-0.0097,0.139,8.63,0.0,41.8,0.5,80.7,35,1.0,13.75
2026-05-30T10:45:38.213857,4,optimal_conditions,4,2400,0.2475,0.0161,-0.0038,0.279,8.62,0.0,41.7,0.5,80.8,35,1.0,22.5
2026-05-30T10:45:39.781281,4,optimal_conditions,4,2400,0.262,0.0163,0.0031,0.279,8.6,0.0,41.5,0.4,80.9,35,1.0,22.5
2026-05-30T10:45:41.364842,4,optimal_conditions,4,2400,0.2606,0.0163,0.0096,0.279,8.59,0.0,41.5,0.4,81.0,35,1.0,22.5
2026-05-30T10:45:42.929552,4,optimal_conditions,3,1200,0.1004,-0.0445,-0.0024,0.14,8.6,0.0,41.6,0.5,75.0,35,1.0,13.75
2026-05-30T10:45:44.493704,4,optimal_conditions,0,150,0.2641,-0.1088,-0.0086,0.017,8.62,0.0,41.5,0.5,81.0,35,1.0,6.09
2026-05-30T10:45:46.055922,4,optimal_conditions,0,150,0.2653,-0.1084,-0.009,0.017,8.63,0.0,41.4,0.4,80.7,35,1.0,6.09
2026-05-30T10:45:47.718113,4,optimal_conditions,0,150,0.2762,-0.1062,-0.0228,0.017,8.62,0.0,42.0,0.4,74.4,35,1.0,6.09
2026-05-30T10:45:49.296563,4,optimal_conditions,3,1200,0.1327,-0.0501,-0.0228,0.139,8.62,0.0,41.4,0.4,80.6,35,1.0,13.75
2026-05-30T10:45:50.865592,4,optimal_conditions,3,1200,0.1036,-0.0503,-0.0338,0.139,8.61,0.0,41.9,0.5,80.6,35,1.0,13.75
2026-05-30T10:45:52.439623,4,optimal_conditions,5,4800,0.1771,0.1492,-0.0271,0.557,8.62,0.0,41.7,0.5,80.8,35,1.0,40.0
2026-05-30T10:45:54.008531,4,optimal_conditions,5,4800,0.127,0.1494,-0.0281,0.557,8.62,0.0,41.5,0.5,80.7,35,1.0,40.0
2026-05-30T10:45:55.584155,4,optimal_conditions,2,600,0.1424,-0.084,-0.027,0.07,8.59,0.0,41.4,0.5,80.8,35,1.0,9.38
2026-05-30T10:45:57.154154,4,optimal_conditions,3,1200,0.0975,-0.0504,-0.0303,0.14,8.59,0.0,41.4,0.5,80.7,35,1.0,13.75
2026-05-30T10:45:58.717834,4,optimal_conditions,5,4800,0.1741,0.1491,-0.0187,0.558,8.6,0.0,41.6,0.8,80.7,35,1.0,40.0
2026-05-30T10:46:00.334804,4,optimal_conditions,0,150,0.2777,-0.1087,-0.0199,0.017,8.62,0.0,41.4,0.5,80.9,35,1.0,6.09
2026-05-30T10:46:02.000027,4,optimal_conditions,5,4800,0.1855,0.1482,-0.0083,0.556,8.63,0.0,42.0,0.6,80.8,35,1.0,40.0
2026-05-30T10:46:03.569552,4,optimal_conditions,4,2400,0.3009,0.0261,-0.0016,0.278,8.62,0.0,41.8,0.7,74.8,35,1.0,22.5
2026-05-30T10:46:05.144187,4,optimal_conditions,0,150,0.2972,-0.1089,-0.0016,0.017,8.62,0.0,41.5,0.8,80.9,35,1.0,6.09
2026-05-30T10:46:06.717410,4,optimal_conditions,0,150,0.2822,-0.1089,-0.0154,0.017,8.61,0.0,41.3,0.6,80.9,35,1.0,6.09
2026-05-30T10:46:08.339795,4,optimal_conditions,0,150,0.3117,-0.1066,-0.0183,0.017,8.61,0.0,41.7,0.7,74.7,35,1.0,6.09
2026-05-30T10:46:09.910059,4,optimal_conditions,0,150,0.2689,-0.1093,-0.0245,0.017,8.59,0.0,41.9,0.6,80.7,35,1.0,6.09
2026-05-30T10:46:11.540145,4,optimal_conditions,2,600,0.1056,-0.0841,-0.0295,0.07,8.6,0.0,42.0,0.5,80.8,35,1.0,9.38
2026-05-30T10:46:13.106795,4,optimal_conditions,4,2400,0.2164,0.0163,-0.0295,0.279,8.6,0.0,41.6,0.5,80.8,35,1.0,22.5
2026-05-30T10:46:14.733777,4,optimal_conditions,3,1200,0.0935,-0.0503,-0.0298,0.139,8.61,0.0,41.4,0.5,80.6,35,1.0,13.75
2026-05-30T10:46:16.334848,4,optimal_conditions,5,4800,0.1619,0.1696,-0.0159,0.557,8.62,0.0,41.4,0.5,74.7,35,1.0,40.0
2026-05-30T10:46:17.899530,4,optimal_conditions,3,1200,0.1252,-0.0502,-0.013,0.139,8.62,0.0,41.5,0.5,80.6,35,1.0,13.75
2026-05-30T10:46:19.554776,4,optimal_conditions,0,150,0.3191,-0.1089,-0.0131,0.017,8.62,0.0,41.5,0.9,80.6,35,1.0,6.09
2026-05-30T10:46:21.120302,4,optimal_conditions,0,150,0.299,-0.1089,-0.0161,0.017,8.61,0.0,42.1,0.4,80.7,35,1.0,6.09
2026-05-30T10:46:22.777482,4,optimal_conditions,5,4800,0.1732,0.1723,-0.0049,0.561,8.56,0.0,41.8,0.6,74.6,35,1.0,40.0
2026-05-30T10:46:24.522716,4,optimal_conditions,2,600,0.1405,-0.0847,-0.0166,0.07,8.56,0.0,41.7,1.0,80.6,35,1.0,9.38
2026-05-30T10:46:26.256179,4,optimal_conditions,1,300,0.0979,-0.0983,-0.029,0.035,8.57,0.0,41.9,0.6,74.5,35,1.0,7.19
2026-05-30T10:46:27.860357,4,optimal_conditions,4,2400,0.1982,0.0264,-0.0235,0.278,8.63,0.0,41.7,0.9,74.5,35,1.0,22.5
2026-05-30T10:46:31.221464,4,high_network_activity,0,150,0.3059,-0.2137,-0.0317,0.026,5.76,0.0,242.9,0.6,80.7,45,0.85,6.09
2026-05-30T10:46:34.453352,4,high_network_activity,4,2400,0.1744,0.244,-0.0269,0.812,2.96,0.0,242.5,1.2,74.7,45,0.85,22.5
2026-05-30T10:46:37.662447,4,high_network_activity,4,2400,0.2104,-0.5278,-0.0479,1.546,1.55,0.0,243.0,1.0,80.4,45,0.85,22.5
2026-05-30T10:46:41.032582,4,high_network_activity,4,2400,0.2295,-0.54,-0.0823,1.569,1.53,0.0,242.5,0.7,74.6,45,0.85,22.5
2026-05-30T10:46:44.259865,4,high_network_activity,4,2400,0.227,-0.5513,-0.1112,1.569,1.53,0.0,242.7,0.9,80.6,45,0.85,22.5
2026-05-30T10:46:47.731200,4,high_network_activity,0,150,0.2114,-0.2204,-0.1167,0.106,1.41,0.0,242.5,0.7,80.6,45,0.85,6.09
2026-05-30T10:46:50.959361,4,high_network_activity,0,150,0.2782,-0.2224,-0.1224,0.1,1.5,0.0,242.4,0.8,74.5,45,0.85,6.09
2026-05-30T10:46:54.254787,4,high_network_activity,4,2400,0.2044,-0.4686,-0.1405,1.486,1.62,0.0,242.5,1.8,80.6,45,0.85,22.5
2026-05-30T10:46:57.553402,4,high_network_activity,2,600,0.1415,0.0172,-0.1342,0.371,1.62,0.0,242.7,0.9,80.5,45,0.85,9.38
2026-05-30T10:47:01.010369,4,high_network_activity,1,300,0.113,-0.1396,-0.137,0.195,1.54,0.0,242.5,0.7,80.6,45,0.85,7.19
2026-05-30T10:47:04.294709,4,high_network_activity,0,150,0.2329,-0.224,-0.149,0.101,1.48,0.0,243.0,0.7,80.7,45,0.85,6.09
2026-05-30T10:47:07.479467,4,high_network_activity,5,4800,0.1958,-0.8796,-0.1904,3.097,1.55,0.0,242.9,0.7,74.4,45,0.85,40.0
2026-05-30T10:47:10.654198,4,high_network_activity,0,150,0.2257,-0.227,-0.2103,0.097,1.55,0.0,242.7,0.7,80.6,45,0.85,6.09
2026-05-30T10:47:14.406080,4,high_network_activity,2,600,0.124,0.0533,-0.2051,0.411,1.46,0.0,242.8,1.4,80.7,45,0.85,9.38
2026-05-30T10:47:17.661364,4,high_network_activity,1,300,0.1074,-0.1289,-0.2061,0.205,1.47,0.0,242.8,1.2,74.5,45,0.85,7.19
2026-05-30T10:47:20.925864,4,high_network_activity,5,4800,0.1905,-0.9025,-0.2458,3.35,1.43,0.0,242.3,0.7,80.7,45,0.85,40.0
2026-05-30T10:47:24.105562,4,high_network_activity,5,4800,0.1279,-0.8802,-0.2984,3.036,1.58,0.0,242.8,0.8,74.7,45,0.85,40.0
2026-05-30T10:47:27.375631,4,high_network_activity,2,600,0.1462,0.023,-0.293,0.373,1.61,0.0,242.8,0.9,74.5,45,0.85,9.38
2026-05-30T10:47:30.105241,4,high_network_activity,4,2400,0.2039,-0.0952,-0.2929,1.04,2.31,0.0,81.8,24.5,74.5,88,0.7,66.38
2026-05-30T10:47:32.113187,4,thermal_throttling_start,4,2400,0.2271,0.0958,-0.2894,0.616,3.89,0.0,81.9,23.2,74.7,88,0.7,66.38
2026-05-30T10:47:33.972309,4,thermal_throttling_start,5,4800,0.1913,-0.1224,-0.2848,0.863,5.56,0.0,81.8,22.9,74.7,88,0.7,118.0
2026-05-30T10:47:35.885010,4,thermal_throttling_start,3,1200,0.2158,-0.1413,-0.3041,0.216,5.56,0.0,81.9,23.4,80.4,88,0.7,40.56
2026-05-30T10:47:37.810028,4,thermal_throttling_start,2,600,0.104,-0.1784,-0.2866,0.108,5.56,0.0,82.1,23.2,80.6,88,0.7,27.66
2026-05-30T10:47:39.733513,4,thermal_throttling_start,5,4800,0.2253,-0.1426,-0.2668,0.864,5.56,0.0,81.9,22.9,80.5,88,0.7,118.0
2026-05-30T10:47:41.716233,4,thermal_throttling_start,1,300,0.0651,-0.1967,-0.249,0.054,5.56,0.0,81.9,22.8,80.4,88,0.7,21.2
2026-05-30T10:47:43.612359,4,thermal_throttling_start,2,600,0.0988,-0.178,-0.2469,0.108,5.56,0.0,81.8,22.8,80.5,88,0.7,27.66
2026-05-30T10:47:45.441898,4,thermal_throttling_start,4,2400,0.19,-0.0551,-0.2385,0.432,5.56,0.0,82.1,23.0,74.5,88,0.7,66.38
2026-05-30T10:47:47.320418,4,thermal_throttling_start,1,300,0.0936,-0.1941,-0.2248,0.054,5.56,0.0,81.4,23.3,74.6,88,0.7,21.2
2026-05-30T10:47:49.227554,4,thermal_throttling_start,0,150,0.1633,-0.2037,-0.2359,0.027,5.56,0.0,81.7,22.8,74.4,88,0.7,17.98
2026-05-30T10:47:51.220531,4,thermal_throttling_start,2,600,0.0879,-0.1784,-0.2378,0.108,5.56,0.0,82.0,23.1,80.7,88,0.7,27.66
2026-05-30T10:47:53.169931,4,thermal_throttling_start,4,2400,0.1863,-0.0651,-0.2299,0.432,5.56,0.0,81.7,22.7,80.6,88,0.7,66.38
2026-05-30T10:47:55.209933,4,thermal_throttling_start,0,150,0.1526,-0.2062,-0.1962,0.027,5.56,0.0,81.4,23.0,80.7,88,0.7,17.98
2026-05-30T10:47:57.330584,4,thermal_throttling_start,3,1200,0.1804,-0.1417,-0.1919,0.216,5.56,0.0,81.6,23.7,80.7,88,0.7,40.56
2026-05-30T10:47:59.216142,4,thermal_throttling_start,1,300,0.1133,-0.1979,-0.2045,0.054,5.56,0.0,81.6,24.5,80.7,88,0.7,21.2
2026-05-30T10:48:01.120902,4,thermal_throttling_start,5,4800,0.2523,-0.1227,-0.2042,0.863,5.56,0.0,81.7,23.1,74.5,88,0.7,118.0
2026-05-30T10:48:03.010089,4,thermal_throttling_start,3,1200,0.221,-0.1405,-0.1661,0.216,5.56,0.0,81.8,22.8,80.6,88,0.7,40.56
2026-05-30T10:48:04.918221,4,thermal_throttling_start,4,2400,0.1961,-0.0554,-0.1248,0.432,5.56,0.0,81.8,23.1,74.7,88,0.7,66.38
2026-05-30T10:48:06.817324,4,thermal_throttling_start,2,600,0.107,-0.174,-0.1347,0.108,5.56,0.0,81.7,22.8,74.7,88,0.7,27.66
2026-05-30T10:48:08.715564,4,thermal_throttling_start,3,1200,0.2103,-0.1405,-0.1369,0.216,5.56,0.0,81.5,22.9,80.6,88,0.7,40.56
2026-05-30T10:48:10.544864,4,thermal_throttling_start,3,1200,0.1849,-0.1341,-0.1484,0.216,5.56,0.0,82.1,22.8,74.6,88,0.7,40.56
2026-05-30T10:48:12.417061,4,thermal_throttling_start,5,4800,0.2245,-0.1422,-0.1494,0.863,5.56,0.0,81.5,22.8,80.8,88,0.7,118.0
2026-05-30T10:48:14.247315,4,thermal_throttling_start,4,2400,0.2801,-0.0654,-0.1456,0.431,5.56,0.0,81.5,22.8,80.5,88,0.7,66.38
2026-05-30T10:48:16.131353,4,thermal_throttling_start,2,600,0.0947,-0.1779,-0.1456,0.105,5.72,0.0,81.6,23.0,80.5,88,0.7,27.66
2026-05-30T10:49:08.541590,1,optimal_conditions,4,2400,0.1914,0.0492,0.0492,0.279,8.61,0.0,41.8,0.4,62.5,35,1.0,22.5
2026-05-30T10:49:10.107069,1,optimal_conditions,4,2400,0.2593,0.0381,0.0437,0.279,8.61,0.0,42.1,0.4,68.7,35,1.0,22.5
2026-05-30T10:49:11.681410,1,optimal_conditions,5,4800,0.1661,0.1895,0.0923,0.557,8.62,0.0,41.6,0.4,68.7,35,1.0,40.0
2026-05-30T10:49:13.267084,1,optimal_conditions,4,2400,0.303,0.0482,0.0813,0.278,8.62,0.0,41.6,0.8,62.6,35,1.0,22.5
2026-05-30T10:49:14.839242,1,optimal_conditions,0,150,0.2826,-0.1015,0.0447,0.017,8.62,0.0,41.4,0.5,62.6,35,1.0,6.09
2026-05-30T10:49:16.443076,1,optimal_conditions,3,1200,0.1037,-0.0315,0.032,0.139,8.62,0.0,41.6,0.5,62.6,35,1.0,13.75
2026-05-30T10:49:18.038950,1,optimal_conditions,0,150,0.2856,-0.104,0.0126,0.017,8.62,0.0,41.5,0.5,68.8,35,1.0,6.09
2026-05-30T10:49:19.839840,1,optimal_conditions,0,150,0.2778,-0.1039,-0.002,0.017,8.63,0.0,41.9,0.6,68.7,35,1.0,6.09
2026-05-30T10:49:21.435899,1,optimal_conditions,2,600,0.1038,-0.0714,-0.0097,0.07,8.63,0.0,41.9,0.5,62.6,35,1.0,9.38
2026-05-30T10:49:23.000487,1,optimal_conditions,4,2400,0.2183,0.0379,-0.0049,0.278,8.63,0.0,41.4,0.5,68.7,35,1.0,22.5
2026-05-30T10:49:24.567657,1,optimal_conditions,4,2400,0.2655,0.0492,-0.0,0.278,8.62,0.0,42.2,0.4,62.5,35,1.0,22.5
2026-05-30T10:49:26.132605,1,optimal_conditions,4,2400,0.2655,0.0481,0.004,0.278,8.62,0.0,41.5,0.8,62.6,35,1.0,22.5
2026-05-30T10:49:27.730696,1,optimal_conditions,3,1200,0.1915,-0.038,0.0008,0.139,8.62,0.0,41.7,0.6,68.8,35,1.0,13.75
2026-05-30T10:49:29.334327,1,optimal_conditions,0,150,0.2749,-0.1017,-0.0066,0.017,8.61,0.0,41.4,0.5,62.7,35,1.0,6.09
2026-05-30T10:49:30.899880,1,optimal_conditions,2,600,0.1168,-0.0757,-0.0112,0.07,8.62,0.0,41.3,0.6,68.8,35,1.0,9.38
2026-05-30T10:49:32.727963,1,optimal_conditions,5,4800,0.1843,0.2097,0.0026,0.558,8.61,0.0,41.3,0.4,62.8,35,1.0,40.0
2026-05-30T10:49:34.309541,1,optimal_conditions,2,600,0.1518,-0.0763,-0.002,0.07,8.55,0.0,41.4,0.4,68.6,35,1.0,9.38
2026-05-30T10:49:35.956121,1,optimal_conditions,1,300,0.1051,-0.0926,-0.007,0.035,8.54,0.0,41.6,0.4,62.4,35,1.0,7.19
2026-05-30T10:49:37.522985,1,optimal_conditions,2,600,0.1197,-0.0766,-0.0107,0.07,8.55,0.0,41.7,0.6,68.8,35,1.0,9.38
2026-05-30T10:49:39.093194,1,optimal_conditions,3,1200,0.118,-0.038,-0.0121,0.139,8.61,0.0,41.4,0.6,68.8,35,1.0,13.75
2026-05-30T10:49:40.741627,1,optimal_conditions,4,2400,0.2302,0.0377,-0.0126,0.278,8.62,0.0,41.7,0.5,68.8,35,1.0,22.5
2026-05-30T10:49:42.335059,1,optimal_conditions,0,150,0.2834,-0.1015,-0.0196,0.017,8.62,0.0,41.3,0.4,62.8,35,1.0,6.09
2026-05-30T10:49:43.925234,1,optimal_conditions,5,4800,0.1948,0.1896,-0.0196,0.557,8.62,0.0,41.6,0.5,68.5,35,1.0,40.0
2026-05-30T10:49:45.527654,1,optimal_conditions,4,2400,0.2984,0.0486,-0.0196,0.278,8.63,0.0,41.7,0.7,62.4,35,1.0,22.5
2026-05-30T10:49:47.218228,1,optimal_conditions,0,150,0.2988,-0.1014,-0.0196,0.017,8.63,0.0,41.6,0.6,62.5,35,1.0,6.09
2026-05-30T10:49:48.785421,1,optimal_conditions,0,150,0.283,-0.1038,-0.0232,0.017,8.63,0.0,41.6,0.5,68.6,35,1.0,6.09
2026-05-30T10:49:50.432564,1,optimal_conditions,4,2400,0.1768,0.0489,-0.0156,0.278,8.62,0.0,41.5,0.4,62.7,35,1.0,22.5
2026-05-30T10:49:52.022330,1,optimal_conditions,3,1200,0.1317,-0.038,-0.0123,0.139,8.61,0.0,41.5,0.7,68.6,35,1.0,13.75
2026-05-30T10:49:53.640043,1,optimal_conditions,4,2400,0.2196,0.0378,-0.0068,0.279,8.61,0.0,41.4,0.7,68.5,35,1.0,22.5
2026-05-30T10:49:55.436283,1,optimal_conditions,0,150,0.2907,-0.104,-0.0139,0.017,8.61,0.0,41.4,0.4,68.5,35,1.0,6.09
2026-05-30T10:49:57.131195,1,optimal_conditions,5,4800,0.202,0.1895,-0.0069,0.557,8.61,0.0,41.5,0.5,68.7,35,1.0,40.0
2026-05-30T10:49:58.735777,1,optimal_conditions,1,300,0.0579,-0.0948,-0.014,0.035,8.61,0.0,41.6,0.6,68.8,35,1.0,7.19
2026-05-30T10:50:00.426611,1,optimal_conditions,3,1200,0.1019,-0.0382,-0.014,0.139,8.61,0.0,41.2,0.8,68.8,35,1.0,13.75
2026-05-30T10:50:02.028809,1,optimal_conditions,5,4800,0.1743,0.1893,0.0005,0.557,8.61,0.0,41.5,0.5,68.8,35,1.0,40.0
2026-05-30T10:50:03.608117,1,optimal_conditions,0,150,0.1791,-0.1039,-0.0009,0.017,8.61,0.0,41.6,0.4,68.5,35,1.0,6.09
2026-05-30T10:50:05.231247,1,optimal_conditions,2,600,0.1089,-0.0761,-0.0152,0.07,8.61,0.0,41.3,1.0,68.7,35,1.0,9.38
2026-05-30T10:50:06.834117,1,optimal_conditions,4,2400,0.2018,0.049,-0.0089,0.279,8.62,0.0,41.4,0.4,62.7,35,1.0,22.5
2026-05-30T10:50:08.433593,1,optimal_conditions,2,600,0.1424,-0.0757,-0.0081,0.07,8.61,0.0,41.7,0.4,68.7,35,1.0,9.38
2026-05-30T10:50:10.036210,1,optimal_conditions,1,300,0.1132,-0.0949,-0.009,0.035,8.6,0.0,41.6,0.6,68.7,35,1.0,7.19
2026-05-30T10:50:11.601241,1,optimal_conditions,1,300,0.1309,-0.0947,-0.0118,0.035,8.61,0.0,41.4,0.4,68.8,35,1.0,7.19
2026-05-30T10:50:14.230109,1,optimal_conditions,0,150,0.2981,-0.1016,-0.0188,0.017,8.61,0.0,41.3,0.4,62.6,35,1.0,6.09
2026-05-30T10:50:15.828555,1,optimal_conditions,1,300,0.1256,-0.0916,-0.0183,0.035,8.62,0.0,41.4,0.5,62.8,35,1.0,7.19
2026-05-30T10:50:17.396307,1,optimal_conditions,0,150,0.2898,-0.1042,-0.033,0.017,8.61,0.0,41.5,0.4,68.8,35,1.0,6.09
2026-05-30T10:50:18.968801,1,optimal_conditions,3,1200,0.0915,-0.0378,-0.0373,0.139,8.61,0.0,41.4,0.5,68.7,35,1.0,13.75
2026-05-30T10:50:20.611089,1,optimal_conditions,5,4800,0.1535,0.2093,-0.0218,0.557,8.61,0.0,41.4,0.4,62.8,35,1.0,40.0
2026-05-30T10:50:22.197398,1,optimal_conditions,0,150,0.2525,-0.1039,-0.0218,0.017,8.62,0.0,41.2,0.4,68.8,35,1.0,6.09
2026-05-30T10:50:23.801996,1,optimal_conditions,4,2400,0.2043,0.0485,-0.0218,0.278,8.62,0.0,41.4,0.5,62.8,35,1.0,22.5
2026-05-30T10:50:25.403480,1,optimal_conditions,3,1200,0.0849,-0.0312,-0.0215,0.139,8.63,0.0,41.6,0.4,62.5,35,1.0,13.75
2026-05-30T10:50:27.000431,1,optimal_conditions,0,150,0.2757,-0.1015,-0.0284,0.017,8.63,0.0,41.5,0.4,62.9,35,1.0,6.09
2026-05-30T10:50:28.596029,1,optimal_conditions,4,2400,0.2548,0.0372,-0.0214,0.278,8.63,0.0,41.4,0.5,69.0,35,1.0,22.5
2026-05-30T10:50:30.190700,1,optimal_conditions,3,1200,0.1078,-0.0384,-0.0328,0.142,8.46,0.0,41.2,0.5,68.9,35,1.0,13.75
2026-05-30T10:50:31.796283,1,optimal_conditions,4,2400,0.2939,0.0398,-0.026,0.284,8.46,0.0,41.1,0.5,68.9,35,1.0,22.5
2026-05-30T10:50:33.408208,1,optimal_conditions,0,150,0.226,-0.1037,-0.0293,0.017,8.62,0.0,41.2,0.5,68.5,35,1.0,6.09
2026-05-30T10:50:34.972955,1,optimal_conditions,5,4800,0.1524,0.1894,-0.0293,0.557,8.61,0.0,41.4,0.4,68.8,35,1.0,40.0
2026-05-30T10:50:36.539425,1,optimal_conditions,5,4800,0.1045,0.2099,-0.0136,0.558,8.6,0.0,41.3,0.5,62.8,35,1.0,40.0
2026-05-30T10:50:38.104490,1,optimal_conditions,5,4800,0.1087,0.1895,-0.0003,0.558,8.6,0.0,41.7,0.5,68.9,35,1.0,40.0
2026-05-30T10:50:39.707529,1,optimal_conditions,2,600,0.1569,-0.0722,-0.0064,0.07,8.58,0.0,41.9,0.4,62.9,35,1.0,9.38
2026-05-30T10:50:41.275413,1,optimal_conditions,0,150,0.2677,-0.1049,-0.0078,0.017,8.57,0.0,41.6,0.4,68.9,35,1.0,6.09
2026-05-30T10:50:43.008640,1,optimal_conditions,5,4800,0.1653,0.1876,0.0063,0.557,8.62,0.0,41.6,1.0,68.6,35,1.0,40.0
2026-05-30T10:50:44.616633,1,optimal_conditions,0,150,0.2399,-0.104,0.0058,0.017,8.62,0.0,41.5,0.5,68.8,35,1.0,6.09
2026-05-30T10:50:46.211014,1,optimal_conditions,2,600,0.1484,-0.0758,0.0071,0.07,8.62,0.0,41.9,0.6,68.8,35,1.0,9.38
2026-05-30T10:50:47.839874,1,optimal_conditions,1,300,0.1192,-0.0995,0.0067,0.037,8.12,0.0,41.4,0.5,63.0,35,1.0,7.19
2026-05-30T10:50:49.405328,1,optimal_conditions,1,300,0.1317,-0.1024,0.0068,0.037,8.12,0.0,41.3,0.5,69.0,35,1.0,7.19
2026-05-30T10:50:51.275573,1,optimal_conditions,2,600,0.1305,-0.0734,0.005,0.071,8.49,0.0,41.7,0.7,62.9,35,1.0,9.38
2026-05-30T10:50:52.918871,1,optimal_conditions,3,1200,0.0893,-0.0319,-0.007,0.141,8.49,0.0,41.7,0.5,62.6,35,1.0,13.75
2026-05-30T10:50:54.585120,1,optimal_conditions,5,4800,0.1401,0.1925,0.0078,0.561,8.55,0.0,41.8,0.5,68.6,35,1.0,40.0
2026-05-30T10:50:56.165394,1,optimal_conditions,4,2400,0.3128,0.0379,0.0072,0.278,8.62,0.0,41.5,0.6,68.6,35,1.0,22.5
2026-05-30T10:50:57.762015,1,optimal_conditions,1,300,0.0863,-0.0944,0.0041,0.035,8.62,0.0,41.2,0.4,68.8,35,1.0,7.19
2026-05-30T10:50:59.362255,1,optimal_conditions,3,1200,0.0927,-0.0383,0.0072,0.142,8.43,0.0,41.3,0.4,68.8,35,1.0,13.75
2026-05-30T10:51:00.955196,1,optimal_conditions,5,4800,0.1267,0.1981,0.0153,0.57,8.42,0.0,41.4,0.5,68.8,35,1.0,40.0
2026-05-30T10:51:02.574091,1,optimal_conditions,5,4800,0.0987,0.1978,0.0271,0.57,8.42,0.0,43.1,0.5,68.8,35,1.0,40.0
2026-05-30T10:51:04.166764,1,optimal_conditions,3,1200,0.096,-0.0318,0.0235,0.139,8.61,0.0,43.3,0.4,62.6,35,1.0,13.75
2026-05-30T10:51:05.731630,1,optimal_conditions,3,1200,0.1068,-0.0375,0.0268,0.139,8.62,0.0,41.5,0.4,68.6,35,1.0,13.75
2026-05-30T10:51:07.343501,1,optimal_conditions,3,1200,0.1701,-0.0377,0.0155,0.139,8.62,0.0,41.6,0.4,68.8,35,1.0,13.75
2026-05-30T10:51:08.941849,1,optimal_conditions,3,1200,0.1637,-0.0386,0.003,0.139,8.62,0.0,41.5,0.9,69.0,35,1.0,13.75
2026-05-30T10:51:10.553796,1,optimal_conditions,2,600,0.149,-0.0758,-0.0102,0.07,8.62,0.0,42.2,0.5,68.9,35,1.0,9.38
2026-05-30T10:51:12.153961,1,optimal_conditions,0,150,0.2802,-0.1015,-0.0117,0.017,8.62,0.0,41.3,0.5,62.8,35,1.0,6.09
2026-05-30T10:51:13.748608,1,optimal_conditions,3,1200,0.1329,-0.0377,-0.0083,0.139,8.62,0.0,41.7,0.6,68.5,35,1.0,13.75
2026-05-30T10:51:15.346558,1,optimal_conditions,3,1200,0.1,-0.0313,-0.0193,0.139,8.62,0.0,41.4,0.4,62.7,35,1.0,13.75
2026-05-30T10:51:16.955053,1,optimal_conditions,5,4800,0.1142,0.1893,-0.0046,0.557,8.62,0.0,41.4,0.5,68.7,35,1.0,40.0
2026-05-30T10:51:18.544004,1,optimal_conditions,4,2400,0.4011,0.0374,0.0011,0.278,8.62,0.0,41.6,0.6,68.9,35,1.0,22.5
2026-05-30T10:51:19.908745,1,optimal_conditions,1,300,0.0814,-0.0945,0.0013,0.035,8.62,0.0,41.6,0.5,68.8,35,1.0,7.19
2026-05-30T10:51:21.473957,1,optimal_conditions,0,150,0.2911,-0.1041,0.0012,0.017,8.62,0.0,41.4,0.5,68.9,35,1.0,6.09
2026-05-30T10:51:23.040466,1,optimal_conditions,4,2400,0.2354,0.0375,0.0068,0.278,8.62,0.0,41.7,0.5,68.9,35,1.0,22.5
2026-05-30T10:51:24.603385,1,optimal_conditions,0,150,0.3221,-0.1015,0.0033,0.017,8.62,0.0,41.7,0.5,62.5,35,1.0,6.09
2026-05-30T10:51:26.213148,1,optimal_conditions,0,150,0.3253,-0.1014,-0.0114,0.017,8.63,0.0,41.4,0.4,62.7,35,1.0,6.09
2026-05-30T10:51:27.819083,1,optimal_conditions,0,150,0.3249,-0.1014,-0.0184,0.017,8.63,0.0,41.3,0.5,62.8,35,1.0,6.09
2026-05-30T10:51:29.447243,1,optimal_conditions,5,4800,0.1267,0.1885,-0.0042,0.556,8.63,0.0,41.4,0.5,68.8,35,1.0,40.0
2026-05-30T10:51:31.009948,1,optimal_conditions,5,4800,0.0797,0.2091,0.0081,0.557,8.62,0.0,41.3,0.4,62.8,35,1.0,40.0
2026-05-30T10:51:32.601836,1,optimal_conditions,0,150,0.3027,-0.1017,-0.0069,0.017,8.61,0.0,41.3,0.4,62.8,35,1.0,6.09
2026-05-30T10:51:34.165309,1,optimal_conditions,4,2400,0.1994,0.0382,-0.0148,0.279,8.6,0.0,41.6,0.4,68.8,35,1.0,22.5
2026-05-30T10:51:35.763884,1,optimal_conditions,4,2400,0.2525,0.0491,-0.0108,0.279,8.61,0.0,41.5,0.5,62.6,35,1.0,22.5
2026-05-30T10:51:37.330396,1,optimal_conditions,2,600,0.1395,-0.0718,-0.0125,0.07,8.6,0.0,41.4,0.4,62.8,35,1.0,9.38
2026-05-30T10:51:38.908416,1,optimal_conditions,1,300,0.1233,-0.0949,-0.0154,0.035,8.6,0.0,41.6,0.5,68.9,35,1.0,7.19
2026-05-30T10:51:40.510176,1,optimal_conditions,1,300,0.1325,-0.0946,-0.0182,0.035,8.62,0.0,41.4,0.5,68.8,35,1.0,7.19
2026-05-30T10:51:42.107321,1,optimal_conditions,0,150,0.3329,-0.1045,-0.0196,0.017,8.62,0.0,43.2,0.7,68.9,35,1.0,6.09
2026-05-30T10:51:43.724735,1,optimal_conditions,4,2400,0.1998,0.0367,-0.0127,0.278,8.62,0.0,43.1,0.7,68.9,35,1.0,22.5
2026-05-30T10:51:45.326806,1,optimal_conditions,4,2400,0.2577,0.0371,-0.0089,0.278,8.62,0.0,43.4,0.5,68.9,35,1.0,22.5
2026-05-30T10:51:46.890098,1,optimal_conditions,4,2400,0.2777,0.0372,-0.0055,0.278,8.62,0.0,41.5,0.6,68.9,35,1.0,22.5
2026-05-30T10:51:49.521127,1,optimal_conditions,4,2400,0.2585,-0.2131,-0.0256,0.278,8.63,0.0,1059.5,0.5,66.7,35,1.0,22.5
2026-05-30T10:51:51.056827,1,optimal_conditions,4,2400,0.2798,0.0411,-0.0254,0.278,8.62,0.0,41.7,0.6,66.8,35,1.0,22.5
2026-05-30T10:51:52.629153,1,optimal_conditions,0,150,0.2821,-0.1032,-0.0259,0.017,8.61,0.0,41.5,0.4,66.7,35,1.0,6.09
2026-05-30T10:51:54.194178,1,optimal_conditions,2,600,0.1324,-0.0741,-0.0244,0.07,8.61,0.0,41.6,0.5,66.5,35,1.0,9.38
2026-05-30T10:51:55.773270,1,optimal_conditions,5,4800,0.102,0.1971,-0.0164,0.558,8.61,0.0,41.6,0.5,66.5,35,1.0,40.0
2026-05-30T10:51:57.411459,1,optimal_conditions,0,150,0.3072,-0.1034,-0.0165,0.017,8.61,0.0,41.6,0.6,66.6,35,1.0,6.09
2026-05-30T10:51:59.030454,1,optimal_conditions,1,300,0.1556,-0.0941,-0.0161,0.035,8.62,0.0,41.7,1.3,66.7,35,1.0,7.19
2026-05-30T10:52:00.680914,1,optimal_conditions,1,300,0.1502,-0.0938,-0.0158,0.035,8.62,0.0,41.9,0.7,66.7,35,1.0,7.19
2026-05-30T10:52:02.275139,1,optimal_conditions,2,600,0.1117,-0.0742,-0.0289,0.07,8.62,0.0,41.6,0.5,66.6,35,1.0,9.38
2026-05-30T10:52:05.673460,1,optimal_conditions,4,2400,0.1986,0.0506,-0.0368,0.425,5.65,0.0,242.8,0.8,66.4,45,0.85,22.5
2026-05-30T10:52:08.889584,1,high_network_activity,1,300,0.11,-0.196,-0.0415,0.106,2.84,0.0,242.5,0.8,66.6,45,0.85,7.19
2026-05-30T10:52:12.076341,1,high_network_activity,1,300,0.1725,-0.1397,-0.0504,0.187,1.61,0.0,242.8,0.7,66.6,45,0.85,7.19
2026-05-30T10:52:15.424374,1,high_network_activity,1,300,0.1637,-0.1325,-0.0595,0.195,1.54,0.0,242.8,0.7,66.5,45,0.85,7.19
2026-05-30T10:52:18.960844,1,high_network_activity,4,2400,0.1881,-0.6395,-0.0879,1.681,1.43,0.0,242.8,0.6,66.7,45,0.85,22.5
2026-05-30T10:52:22.175363,1,high_network_activity,3,1200,0.1117,0.2745,-0.0694,0.84,1.43,0.0,243.1,0.8,66.8,45,0.85,13.75
2026-05-30T10:52:25.389795,1,high_network_activity,3,1200,0.1672,0.3069,-0.0494,0.808,1.48,0.0,242.8,1.3,66.5,45,0.85,13.75
2026-05-30T10:52:28.569701,1,high_network_activity,5,4800,0.1212,-0.853,-0.0868,2.999,1.6,0.0,242.9,0.7,66.8,45,0.85,40.0
2026-05-30T10:52:31.938824,1,high_network_activity,2,600,0.154,0.0482,-0.0862,0.395,1.52,0.0,242.9,0.6,66.7,45,0.85,9.38
2026-05-30T10:52:35.149369,1,high_network_activity,0,150,0.2666,-0.2199,-0.0991,0.099,1.51,0.0,242.8,0.7,66.5,45,0.85,6.09
2026-05-30T10:52:38.382221,1,high_network_activity,3,1200,0.1022,0.3643,-0.0827,0.753,1.59,0.0,244.9,0.8,66.7,45,0.85,13.75
2026-05-30T10:52:41.569835,1,high_network_activity,1,300,0.1215,-0.1384,-0.079,0.188,1.59,0.0,242.6,0.7,66.7,45,0.85,7.19
2026-05-30T10:52:46.033368,1,high_network_activity,3,1200,0.1457,0.0645,-0.0778,0.8,1.5,0.0,1250.0,0.7,66.4,45,0.85,13.75
2026-05-30T10:52:50.003774,1,high_network_activity,1,300,0.1253,-0.089,-0.0771,0.245,1.22,0.0,242.9,0.9,66.7,45,0.85,7.19
2026-05-30T10:52:53.870673,1,high_network_activity,0,150,0.2641,-0.1975,-0.0833,0.129,1.16,0.0,242.8,1.5,66.5,45,0.85,6.09
2026-05-30T10:52:57.622274,1,high_network_activity,0,150,0.2368,-0.197,-0.103,0.13,1.16,0.0,244.8,0.7,66.5,45,0.85,6.09
2026-05-30T10:53:00.799702,1,high_network_activity,3,1200,0.1667,0.1611,-0.0897,0.95,1.26,0.0,242.8,0.7,66.7,45,0.85,13.75
2026-05-30T10:53:03.982756,1,high_network_activity,4,2400,0.2291,-0.4901,-0.1095,1.533,1.57,0.0,242.7,1.1,66.5,45,0.85,22.5
2026-05-30T10:53:07.246802,1,high_network_activity,1,300,0.1024,-0.1407,-0.1119,0.186,1.61,0.0,243.2,0.9,66.6,45,0.85,7.19
2026-05-30T10:53:10.566437,1,high_network_activity,0,150,0.264,-0.2242,-0.1194,0.093,1.62,0.0,242.6,0.6,66.8,45,0.85,6.09
2026-05-30T10:53:13.768161,1,high_network_activity,0,150,0.1599,-0.2241,-0.1331,0.093,1.62,0.0,242.5,0.8,66.4,45,0.85,6.09
2026-05-30T10:53:17.000088,1,high_network_activity,3,1200,0.1169,0.3614,-0.1052,0.743,1.62,0.0,242.7,0.7,66.7,45,0.85,13.75
2026-05-30T10:53:20.730795,1,high_network_activity,4,2400,0.2544,-0.6413,-0.1303,1.682,1.43,0.0,242.8,0.8,66.8,45,0.85,22.5
2026-05-30T10:53:24.318246,1,high_network_activity,4,2400,0.3521,-0.7112,-0.1593,1.858,1.29,0.0,242.8,0.7,66.4,45,0.85,22.5
2026-05-30T10:53:27.531430,1,high_network_activity,2,600,0.1458,0.0733,-0.1236,0.422,1.42,0.0,242.7,0.7,66.7,45,0.85,9.38
2026-05-30T10:53:30.868599,1,high_network_activity,2,600,0.1291,0.0577,-0.1344,0.405,1.48,0.0,242.6,0.8,66.7,45,0.85,9.38
2026-05-30T10:53:34.074688,1,high_network_activity,0,150,0.2331,-0.224,-0.161,0.093,1.62,0.0,242.5,0.7,66.3,45,0.85,6.09
2026-05-30T10:53:37.293637,1,high_network_activity,0,150,0.1967,-0.2233,-0.1295,0.094,1.59,0.0,242.9,0.7,66.5,45,0.85,6.09
2026-05-30T10:53:40.469171,1,high_network_activity,4,2400,0.2359,-0.4621,-0.155,1.506,1.59,0.0,242.9,0.7,66.8,45,0.85,22.5
2026-05-30T10:53:43.880030,1,high_network_activity,4,2400,0.3108,-0.5366,-0.1709,1.58,1.52,0.0,242.8,0.7,66.3,45,0.85,22.5
2026-05-30T10:53:47.201175,1,high_network_activity,3,1200,0.1685,0.2871,-0.1747,0.828,1.45,0.0,242.5,0.7,66.6,45,0.85,13.75
2026-05-30T10:53:50.493566,1,high_network_activity,4,2400,0.285,-0.6746,-0.2015,1.716,1.4,0.0,242.9,0.6,66.5,45,0.85,22.5
2026-05-30T10:53:53.788196,1,high_network_activity,4,2400,0.3387,-0.5638,-0.2329,1.606,1.49,0.0,242.5,0.7,66.5,45,0.85,22.5
2026-05-30T10:53:56.965326,1,high_network_activity,5,4800,0.1079,-0.8534,-0.2712,3.067,1.57,0.0,242.4,0.7,66.7,45,0.85,40.0
2026-05-30T10:54:00.167482,1,high_network_activity,0,150,0.1964,-0.2242,-0.2725,0.093,1.61,0.0,243.0,0.6,66.8,45,0.85,6.09
2026-05-30T10:54:03.362115,1,high_network_activity,0,150,0.1945,-0.2245,-0.2739,0.093,1.62,0.0,243.1,1.0,66.7,45,0.85,6.09
2026-05-30T10:54:05.313183,1,thermal_throttling_start,1,300,0.1477,-0.1972,-0.2918,0.094,3.19,0.0,81.7,22.8,66.6,88,0.7,21.2
2026-05-30T10:54:07.142718,1,thermal_throttling_start,1,300,0.1604,-0.1969,-0.2771,0.063,4.77,0.0,82.0,22.9,66.6,88,0.7,21.2
2026-05-30T10:54:09.013697,1,thermal_throttling_start,4,2400,0.2877,-0.04,-0.2721,0.432,5.56,0.0,81.9,22.8,66.7,88,0.7,66.38
2026-05-30T10:54:10.856580,1,thermal_throttling_start,3,1200,0.167,-0.1273,-0.2672,0.216,5.56,0.0,81.8,23.8,66.8,88,0.7,40.56
2026-05-30T10:54:12.691009,1,thermal_throttling_start,4,2400,0.2841,-0.0411,-0.2581,0.432,5.56,0.0,81.7,23.0,66.8,88,0.7,66.38
2026-05-30T10:54:14.545098,1,thermal_throttling_start,4,2400,0.3197,-0.0418,-0.2783,0.432,5.56,0.0,81.8,23.3,66.8,88,0.7,66.38
2026-05-30T10:54:16.417181,1,thermal_throttling_start,3,1200,0.2037,-0.1256,-0.2525,0.216,5.56,0.0,81.4,22.8,66.6,88,0.7,40.56
2026-05-30T10:54:18.313449,1,thermal_throttling_start,4,2400,0.2892,-0.041,-0.219,0.431,5.56,0.0,81.6,23.1,66.7,88,0.7,66.38
2026-05-30T10:54:20.317563,1,thermal_throttling_start,3,1200,0.1603,-0.1259,-0.2289,0.216,5.56,0.0,82.1,22.8,66.7,88,0.7,40.56
2026-05-30T10:54:22.151462,1,thermal_throttling_start,4,2400,0.3009,-0.0405,-0.2338,0.432,5.56,0.0,81.6,22.9,66.7,88,0.7,66.38
2026-05-30T10:54:24.009390,1,thermal_throttling_start,4,2400,0.3482,-0.0399,-0.2246,0.432,5.56,0.0,81.4,22.9,66.5,88,0.7,66.38
2026-05-30T10:54:26.041628,1,thermal_throttling_start,3,1200,0.1954,-0.1256,-0.2197,0.216,5.56,0.0,81.7,22.7,66.6,88,0.7,40.56
2026-05-30T10:54:28.111825,1,thermal_throttling_start,5,4800,0.1395,-0.0979,-0.2015,0.864,5.56,0.0,81.9,23.2,66.7,88,0.7,118.0
2026-05-30T10:54:30.036493,1,thermal_throttling_start,4,2400,0.3783,-0.0403,-0.1767,0.432,5.56,0.0,81.6,22.8,66.7,88,0.7,66.38
2026-05-30T10:54:32.119699,1,thermal_throttling_start,4,2400,0.3435,-0.0408,-0.1931,0.432,5.56,0.0,81.8,23.2,66.6,88,0.7,66.38
2026-05-30T10:54:34.131288,1,thermal_throttling_start,2,600,0.1181,-0.1682,-0.1678,0.108,5.56,0.0,81.6,22.6,66.5,88,0.7,27.66
2026-05-30T10:54:36.025871,1,thermal_throttling_start,1,300,0.1681,-0.1898,-0.1491,0.054,5.56,0.0,81.8,22.8,66.4,88,0.7,21.2
2026-05-30T10:54:38.199136,1,thermal_throttling_start,4,2400,0.2881,-0.0408,-0.1085,0.432,5.56,0.0,81.7,23.0,66.7,88,0.7,66.38
2026-05-30T10:54:40.024799,1,thermal_throttling_start,5,4800,0.1165,-0.096,-0.1021,0.864,5.56,0.0,81.4,22.8,66.7,88,0.7,118.0
2026-05-30T10:54:41.872256,1,thermal_throttling_start,4,2400,0.4127,-0.0403,-0.0928,0.432,5.56,0.0,81.6,22.8,66.8,88,0.7,66.38
2026-05-30T10:54:43.713238,1,thermal_throttling_start,5,4800,0.1239,-0.1013,-0.0881,0.863,5.56,0.0,81.7,24.3,66.4,88,0.7,118.0
2026-05-30T10:54:45.618054,1,thermal_throttling_start,5,4800,0.0994,-0.0972,-0.0831,0.863,5.56,0.0,82.1,22.8,66.9,88,0.7,118.0
2026-05-30T10:54:47.472740,1,thermal_throttling_start,4,2400,0.3812,-0.0398,-0.0831,0.432,5.56,0.0,82.0,22.7,66.6,88,0.7,66.38
2026-05-30T10:54:49.334691,1,thermal_throttling_start,3,1200,0.2016,-0.1259,-0.083,0.216,5.56,0.0,81.5,22.9,66.8,88,0.7,40.56
2026-05-30T10:54:51.213995,1,thermal_throttling_start,3,1200,0.1736,-0.1259,-0.0872,0.216,5.55,0.0,82.4,22.7,66.7,88,0.7,40.56
2026-05-30T10:54:53.229172,1,thermal_throttling_start,1,300,0.1566,-0.1903,-0.0946,0.054,5.55,0.0,81.4,23.3,66.7,88,0.7,21.2
2026-05-30T10:54:55.110574,1,thermal_throttling_start,5,4800,0.1572,-0.0974,-0.0932,0.865,5.55,0.0,81.5,22.7,66.7,88,0.7,118.0
2026-05-30T10:54:57.015502,1,thermal_throttling_start,2,600,0.1085,-0.1685,-0.0996,0.108,5.55,0.0,81.6,22.8,66.7,88,0.7,27.66
2026-05-30T10:54:58.839492,1,thermal_throttling_start,3,1200,0.1669,-0.1263,-0.0996,0.216,5.56,0.0,81.7,23.2,66.7,88,0.7,40.56
2026-05-30T10:55:00.748084,1,thermal_throttling_start,3,1200,0.17,-0.1292,-0.1041,0.216,5.56,0.0,81.7,25.1,66.8,88,0.7,40.56
2026-05-30T10:55:02.770146,1,thermal_throttling_start,4,2400,0.3001,-0.0404,-0.1041,0.432,5.56,0.0,81.7,22.8,66.7,88,0.7,66.38
2026-05-30T10:55:04.720295,1,thermal_throttling_start,4,2400,0.3371,-0.0267,-0.0991,0.449,5.34,0.0,81.7,22.7,66.6,88,0.7,66.38
2026-05-30T10:55:06.547081,1,thermal_throttling_start,1,300,0.1335,-0.1921,-0.1039,0.056,5.34,0.0,81.8,22.7,66.6,88,0.7,21.2
2026-05-30T10:55:08.430927,1,thermal_throttling_start,2,600,0.0983,-0.1688,-0.1103,0.108,5.55,0.0,81.8,23.0,66.7,88,0.7,27.66
2026-05-30T10:55:10.311031,1,thermal_throttling_start,4,2400,0.2456,-0.0599,-0.1112,0.405,5.93,0.0,81.6,22.8,66.8,88,0.7,66.38
2026-05-30T10:55:12.218670,1,thermal_throttling_start,5,4800,0.1161,-0.0351,-0.1046,0.81,5.93,0.0,81.7,22.7,66.8,88,0.7,118.0
2026-05-30T10:55:14.044253,1,thermal_throttling_start,3,1200,0.2055,-0.1257,-0.1014,0.216,5.56,0.0,81.4,23.0,66.4,88,0.7,40.56
2026-05-30T10:55:16.034902,1,thermal_throttling_start,1,300,0.1619,-0.1899,-0.1088,0.054,5.56,0.0,81.8,22.8,66.6,88,0.7,21.2
2026-05-30T10:55:17.944793,1,thermal_throttling_start,1,300,0.2027,-0.1904,-0.1135,0.054,5.56,0.0,81.9,23.3,66.7,88,0.7,21.2
2026-05-30T10:55:20.022953,1,thermal_throttling_start,3,1200,0.2415,-0.1267,-0.1179,0.216,5.56,0.0,81.7,23.4,66.8,88,0.7,40.56
2026-05-30T10:55:21.931394,1,thermal_throttling_start,0,150,0.1327,-0.2007,-0.1228,0.027,5.56,0.0,81.7,22.8,66.7,88,0.7,17.98
2026-05-30T10:55:24.017430,1,thermal_throttling_start,5,4800,0.156,-0.0951,-0.1227,0.863,5.56,0.0,81.5,22.8,66.6,88,0.7,118.0
2026-05-30T10:55:25.920412,1,thermal_throttling_start,1,300,0.0983,-0.1898,-0.1302,0.054,5.56,0.0,81.7,22.7,66.5,88,0.7,21.2
2026-05-30T10:55:28.016969,1,thermal_throttling_start,5,4800,0.152,-0.0956,-0.1287,0.863,5.56,0.0,81.8,22.8,66.8,88,0.7,118.0
2026-05-30T10:55:30.009227,1,thermal_throttling_start,5,4800,0.0923,-0.0978,-0.1273,0.863,5.56,0.0,81.6,23.3,66.8,88,0.7,118.0
2026-05-30T10:55:31.850698,1,thermal_throttling_start,3,1200,0.2081,-0.1258,-0.1241,0.216,5.56,0.0,81.7,22.8,66.7,88,0.7,40.56
2026-05-30T10:55:33.922858,1,thermal_throttling_start,1,300,0.1687,-0.1817,-0.1283,0.048,6.29,0.0,81.6,23.0,66.6,88,0.7,21.2
2026-05-30T10:55:35.818548,1,thermal_throttling_start,4,2400,0.2225,-0.0757,-0.1237,0.381,6.29,0.0,82.2,22.7,66.7,88,0.7,66.38
2026-05-30T10:55:38.016529,1,thermal_throttling_start,3,1200,0.2215,-0.1252,-0.1236,0.217,5.52,0.0,81.9,22.8,66.8,88,0.7,40.56
2026-05-30T10:55:39.916356,1,thermal_throttling_start,3,1200,0.2164,-0.1181,-0.1231,0.231,5.19,0.0,81.7,22.8,66.8,88,0.7,40.56
2026-05-30T10:55:41.745403,1,thermal_throttling_start,5,4800,0.1294,-0.1645,-0.1293,0.924,5.2,0.0,81.5,22.8,66.9,88,0.7,118.0
2026-05-30T10:55:43.717610,1,thermal_throttling_start,3,1200,0.2414,-0.1264,-0.1342,0.216,5.56,0.0,81.6,23.3,66.6,88,0.7,40.56
2026-05-30T10:55:45.543884,1,thermal_throttling_start,0,150,0.1351,-0.2007,-0.1347,0.027,5.56,0.0,81.9,22.9,66.5,88,0.7,17.98
2026-05-30T10:55:47.468540,1,thermal_throttling_start,4,2400,0.2012,-0.0402,-0.1282,0.432,5.56,0.0,82.0,22.9,66.6,88,0.7,66.38
2026-05-30T10:55:49.312656,1,thermal_throttling_start,4,2400,0.26,-0.0405,-0.1273,0.432,5.56,0.0,81.7,22.9,66.7,88,0.7,66.38
2026-05-30T10:55:51.143204,1,thermal_throttling_start,5,4800,0.1119,-0.0956,-0.1303,0.864,5.56,0.0,81.8,22.7,66.7,88,0.7,118.0
2026-05-30T10:55:52.971676,1,thermal_throttling_start,0,150,0.157,-0.2008,-0.1341,0.027,5.56,0.0,82.1,22.9,66.7,88,0.7,17.98
2026-05-30T10:55:55.214937,1,thermal_throttling_start,0,150,0.139,-0.2006,-0.1346,0.027,5.56,0.0,82.0,22.7,66.6,88,0.7,17.98
2026-05-30T10:55:57.140820,1,thermal_throttling_start,1,300,0.2147,-0.1914,-0.1346,0.055,5.41,0.0,82.1,22.8,66.6,88,0.7,21.2
2026-05-30T10:55:59.014236,1,thermal_throttling_start,4,2400,0.1706,-0.0314,-0.1299,0.443,5.41,0.0,81.6,22.7,66.8,88,0.7,66.38
2026-05-30T10:56:00.921314,1,thermal_throttling_start,0,150,0.1659,-0.2014,-0.1299,0.027,5.52,0.0,82.3,22.8,66.8,88,0.7,17.98
2026-05-30T10:56:02.844715,1,thermal_throttling_start,1,300,0.1982,-0.1872,-0.1345,0.052,5.82,0.0,81.9,22.8,66.8,88,0.7,21.2
2026-05-30T10:56:05.092487,1,thermal_throttling_start,1,300,0.1988,-0.1758,-0.1338,0.062,4.8,0.0,102.1,3.9,66.5,40,0.15,8.09
2026-05-30T10:56:11.020456,1,low_battery_powersave,3,1200,0.225,0.0052,-0.1288,0.335,3.58,0.0,102.2,3.3,66.9,40,0.15,15.47
2026-05-30T10:56:16.754665,1,low_battery_powersave,5,4800,0.112,-0.318,-0.1398,1.224,3.92,0.0,101.9,3.7,66.7,40,0.15,45.0
2026-05-30T10:56:22.424507,1,low_battery_powersave,5,4800,0.0816,-0.1266,-0.1398,1.017,4.72,0.0,201.3,5.1,66.7,40,0.15,45.0
2026-05-30T10:56:24.799995,1,low_battery_powersave,1,300,0.1191,-0.1774,-0.1396,0.065,4.63,0.0,102.2,4.7,66.4,40,0.15,8.09
2026-05-30T10:56:29.908603,1,low_battery_powersave,1,300,0.1906,-0.1792,-0.1448,0.079,3.81,0.0,102.1,3.4,66.8,40,0.15,8.09
2026-05-30T10:56:35.393275,1,low_battery_powersave,3,1200,0.2504,-0.0196,-0.1395,0.303,3.96,0.0,102.1,3.7,66.6,40,0.15,15.47
2026-05-30T10:56:40.403170,1,low_battery_powersave,4,2400,0.2706,0.1931,-0.1239,0.605,3.97,0.0,101.9,3.3,66.7,40,0.15,25.31
2026-05-30T10:56:44.107402,1,low_battery_powersave,1,300,0.1684,-0.1789,-0.1247,0.076,3.96,0.0,101.7,3.4,66.4,40,0.15,8.09
2026-05-30T10:56:49.693374,1,low_battery_powersave,2,600,0.1074,-0.1268,-0.1247,0.151,3.97,0.0,101.8,4.4,66.6,40,0.15,10.55
2026-05-30T10:56:55.188168,1,low_battery_powersave,2,600,0.1065,-0.2805,-0.1287,0.125,4.79,0.0,500.1,54.1,66.5,40,0.15,10.55
2026-05-30T10:57:00.902491,1,low_battery_powersave,3,1200,0.2439,-0.0548,-0.1294,0.251,4.78,0.0,101.9,3.4,66.6,40,0.15,15.47
2026-05-30T10:57:05.161972,1,low_battery_powersave,3,1200,0.2342,-0.0105,-0.1279,0.316,3.8,0.0,101.7,4.2,66.5,40,0.15,15.47
2026-05-30T10:57:09.997092,1,low_battery_powersave,1,300,0.1734,-0.2037,-0.1333,0.085,3.52,0.0,197.4,5.6,66.6,40,0.15,8.09
2026-05-30T10:57:13.909871,1,low_battery_powersave,0,150,0.1355,-0.2089,-0.1337,0.04,3.7,0.0,102.0,5.0,66.4,40,0.15,6.86
2026-05-30T10:57:20.418035,1,low_battery_powersave,1,300,0.1832,-0.1804,-0.1327,0.076,3.97,0.0,102.1,5.5,66.6,40,0.15,8.09
2026-05-30T10:57:26.495036,1,low_battery_powersave,4,2400,0.2298,0.2284,-0.1117,0.646,3.71,0.0,102.4,3.7,66.7,40,0.15,25.31
2026-05-30T10:57:30.543892,1,low_battery_powersave,4,2400,0.1978,0.2322,-0.0985,0.648,3.7,0.0,102.0,2.7,66.6,40,0.15,25.31
2026-05-30T10:57:32.645113,1,low_battery_powersave,2,600,0.1841,-0.129,-0.0949,0.152,3.96,0.0,102.0,6.9,66.8,40,0.15,10.55
2026-05-30T10:57:36.991076,1,low_battery_powersave,3,1200,0.226,-0.0235,-0.0867,0.303,3.97,0.0,102.4,6.1,66.7,40,0.15,15.47
2026-05-30T10:57:42.599460,1,low_battery_powersave,4,2400,0.2619,0.2084,-0.0675,0.629,3.82,0.0,102.3,5.5,66.7,40,0.15,25.31
2026-05-30T10:57:48.001530,1,low_battery_powersave,3,1200,0.2151,-0.0096,-0.0683,0.315,3.81,0.0,101.9,2.8,66.8,40,0.15,15.47
2026-05-30T10:57:54.694278,1,low_battery_powersave,3,1200,0.2287,-0.0325,-0.054,0.285,4.21,0.0,102.2,3.4,66.7,40,0.15,15.47
2026-05-30T10:58:00.186931,1,low_battery_powersave,5,4800,0.1039,-0.1473,-0.055,0.954,5.03,0.0,299.9,19.8,66.7,40,0.15,45.0
2026-05-30T10:58:10.754250,1,low_battery_powersave,3,1200,0.2161,-0.177,-0.055,0.36,3.33,0.0,506.9,39.9,66.5,95,0.1,68.75
2026-05-30T10:58:26.930225,1,critical_system_stress,3,1200,0.3163,0.0579,-0.0431,0.622,1.93,0.0,507.4,39.2,66.4,95,0.1,68.75
2026-05-30T10:58:38.872168,1,critical_system_stress,5,4800,0.1032,-1.3845,-0.1114,10.122,0.47,0.0,506.9,52.0,66.5,95,0.1,200.0
2026-05-30T10:58:54.005487,1,critical_system_stress,1,300,0.1034,0.1749,-0.1123,0.648,0.46,0.0,507.2,40.4,66.5,95,0.1,35.94
2026-05-30T10:59:08.037336,1,critical_system_stress,4,2400,0.1441,-1.0106,-0.1539,5.372,0.45,0.0,506.9,41.4,66.3,95,0.1,112.5
2026-05-30T10:59:21.705955,1,critical_system_stress,2,600,0.143,-0.4047,-0.1678,1.367,0.44,0.0,606.5,38.1,66.5,95,0.1,46.88
